Python开发工程师,1天前发布,助理来也,15k-30k,经验1-3年 ,本科,[北京·中关村],后端开发,服务器端,“人工智能,弹性工作,扁平管理,技术牛人”,移动互联网 / B轮
python开发工程师,18:41发布,字节跳动,20k-40k,经验1-3年 ,本科,[北京·海淀区],后端开发,“六险一金，高薪期权，弹性工作，免费三餐，租房补贴，休闲下午茶，扁平管理，团队氛围好，优厚薪资”,移动互联网,数据服务 / C轮
Python开发工程师,10:17发布,达观数据,8k-15k,经验1-3年 ,本科,[成都·高新区],linux,SQL,“定期培训,一对一导师,AI技术,优质项目”,移动互联网 / B轮
Python开发,2天前发布,重庆融特通信技术有限公司,4k-8k,经验不限 ,本科,[重庆·高新区],Java,MySQL,爬虫,django,“五险一金,双休,餐补,氛围好”,移动互联网,文化娱乐 / 未融资
Python开发工程师,2018-06-15,老虎证券,20k-40k,经验1-3年 ,本科,[北京·燕莎],php,Java,“六险一金,超多假期”,移动互联网,金融 / B轮
python开发,14:25发布,武汉佰钧成技术有限公司,5k-10k,经验1-3年 ,本科,[武汉·东湖新…],云计算,“六险一金,弹性时间,美女如云,技术大牛”,移动互联网 / 不需要融资
python工程师,2天前发布,紫川软件,8k-14k,经验1-3年 ,本科,[深圳·福田区],节日礼物,年底双薪,绩效奖金,岗位晋升,“周末双休 免费体检 员工旅游 五险一金”,电子商务,金融 / 不需要融资
python开发工程师,12:37发布,江苏亿科达,10k-20k,经验3-5年 ,大专,[深圳·购物公…],linux,node.js,Java,“双休,过节费,年度体检,旅游”,移动互联网,金融 / 不需要融资
Python工程师,1天前发布,南方网通,10k-20k,经验3-5年 ,本科,[深圳·南头],大数据,算法,深度学习,机器学习,自然语言处理,“五险一金,提供住宿,员工旅游”,电子商务、广告营销 / 天使轮
Python开发工程师,2天前发布,趣头条,20k-30k,经验3-5年 ,本科,[上海·浦东新…],云计算,linux,Ruby,django,“平均16薪,扁平化管理,弹性工作,福利好”,移动互联网 / 不需要融资
Python软件开发工程师,1天前发布,广州玖维信息科技有限公司,6k-9k,经验1年以下 ,大专,[广州·天河公…],初级,实习,web,爬虫,服务器端,“周末双休,五险一金,节日福利,提供食宿”,移动互联网,数据服务 / 上市公司
python工程师,2天前发布,MINIEYE,15k-30k,经验1-3年 ,本科,[深圳·南山区],无人驾驶,国际标准,车厂合作,海归团队,“无人驾驶,车厂合作,扁平化管理,股票期权”,硬件,其他 / A轮
python工程师,3天前发布,拍拍贷,12k-24k,经验3-5年 ,本科,[上海·浦东新…],高级,“晋升空间大、福利好”,金融 / 上市公司
Python开发工程师,2天前发布,朗播网,20k-40k,经验5-10年 ,本科,[北京·上地],php,Java,web,“出国旅游,免费健身,股票期权,带薪年假”,教育 / B轮
Python开发工程师,2天前发布,苏州锦佰安,12k-20k,经验3-5年 ,本科,[苏州·独墅湖],linux,twisted,“人工智能,前景广阔,福利齐全,技术领先”,信息安全 / 天使轮
Python开发工程师,1天前发布,助理来也,15k-30k,经验1-3年 ,本科,[上海·徐汇区],node.js,redis,“发展空间,大牛交流,五险一金,福利补贴”,移动互联网 / B轮
Python开发工程师,3天前发布,武汉佰钧成技术有限公司,12k-18k,经验3-5年 ,大专,[杭州·西湖区],linux,Java,“JAVA”,移动互联网 / 不需要融资
Python开发工程师,1天前发布,广州玖维信息科技有限公司,7k-8k,经验1年以下 ,大专,[广州·五山],初级,实习,linux,Java,“双休,提成,带薪休假,五险一金”,移动互联网,数据服务 / 上市公司
python工程师,18:47发布,联龙博通,10k-15k,经验3-5年 ,本科,[北京·马家堡],Java,MySQL,“腾讯公有云,新技术”,移动互联网,电子商务 / D轮及以上
Python 开发工程师,1天前发布,Club Factory,15k-20k,经验1-3年 ,本科,[杭州·古荡],海量大数据,世界级产品,AI,智能供应链,“高并发,高流量,技术成长快,世界级产品”,电子商务,移动互联网 / C轮
Python工程师,2天前发布,云脑科技,10k-20k,经验1-3年 ,本科,[北京·工体],算法,机器学习,“五险一金,免费午餐,饮料零食,团建、旅游”,企业服务,数据服务 / A轮
Python开发攻城狮,2天前发布,探探,20k-40k,经验不限 ,本科,[北京·建国门],云计算,linux,“七险一金,弹性工作,免费三餐,扁平管理”,移动互联网,社交网络 / D轮及以上
Python开发工程师,2天前发布,擎天柱,8k-15k,经验1-3年 ,本科,[广州·天园],游戏,php,Java,后端,django,“五险一金,周末双休,工作餐,氛围好”,游戏 / 不需要融资
Python开发工程师,09:18发布,信达悦和,10k-20k,经验1-3年 ,本科,[北京·北京大…],高级,中级,后端开发,架构师,全栈,“发展空间大,机遇挑战多,待遇优厚”,金融、移动互联网 / 不需要融资
Python开发,2天前发布,问卷网@爱调研,15k-30k,经验3-5年 ,本科,[上海·徐汇区],后端开发,Java,redis,架构,“五险一金,季度旅游,生日会,带薪年假”,移动互联网 / B轮
Python开发工程师,14:13发布,信用飞/首付游,15k-25k,经验1-3年 ,本科,[上海·长宁区],金融,数据库开发,“年轻团队,扁平管理,弹性工作,简单透明”,移动互联网 / B轮
python开发工程师,09:24发布,燃网络,3k-5k,经验不限 ,大专,[南京·秦淮区],初级,实习,算法,深度学习,机器学习,“五险一金,周末双休,提供住宿,年底双薪”,移动互联网,游戏 / 未融资
Python开发工程师,2天前发布,罗辑思维,25k-50k,经验3-5年 ,本科,[北京·大望路],云计算,资深,高级,php,Java,“大咖云集,技术氛围好”,移动互联网,文化娱乐 / B轮
Python工程师,2天前发布,学堂在线,15k-25k,经验3-5年 ,本科,[北京·海淀区],web,django,“五险一金,绩效奖金,免费早餐,交补餐补”,移动互联网,教育 / B轮
高级python工程师,18:41发布,字节跳动,40k-60k,经验3-5年 ,本科,[北京·海淀区],后端开发,“六险一金，高薪期权，弹性工作，免费三餐，租房补贴，休闲下午茶，扁平管理，团队氛围好，优厚薪资”,移动互联网,数据服务 / C轮
Python开发工程师,1天前发布,武汉佰钧成技术有限公司,11k-18k,经验1-3年 ,本科,[广州·天河区],带薪年假,计算机软件,管理规范,定期体检,“大平台,加班少,成长快,学院派”,移动互联网 / 不需要融资
Python,2天前发布,有利网,30k-40k,经验3-5年 ,本科,[北京·三元桥],php,MySQL,“五险一金,扁平化管理,地铁周边,团建”,金融 / 不需要融资
Python开发工程师,2天前发布,极光,15k-30k,经验不限 ,本科,[深圳·南头],云计算,flask,JavaScript,django,“五险一金、14薪/年、下午茶、工作餐等等”,移动互联网,数据服务 / D轮及以上
Python工程师,2天前发布,Face++,20k-40k,经验1-3年 ,本科,[北京·海淀区],中级,后端,django,“技术驱动,极客氛围,大牛团队”,移动互联网,硬件 / C轮
Python研发工程师,2天前发布,好巧,25k-35k,经验3-5年 ,大专,[北京·亚运村],后端开发,Java,golang,“商业保险,弹性工作,零食水果,扁平管理”,数据服务 / B轮
Python开发工程师,1天前发布,新炬网络,8k-15k,经验1-3年 ,大专,[广州·天河区],云计算,软件开发,运维,“平台大,发展前景好,五险一金,周末双休”,移动互联网,数据服务 / 未融资
Python 开发工程师,2天前发布,知乎,18k-36k,经验1-3年 ,本科,[北京·五道口],信息安全,Java,web,“健康三餐 免费健身游泳 大牛团队”,移动互联网,社交网络 / D轮及以上
Python开发工程师,2天前发布,微车,10k-18k,经验3-5年 ,本科,[北京·万柳],中级,服务器端,MySQL,redis,“一日三餐,六险一金,14薪,定期团建”,移动互联网,O2O / C轮
Python开发,2天前发布,有鱼金融科技,15k-30k,经验3-5年 ,本科,[上海·漕河泾],金融,爬虫,Java,Ruby,体育,“行业前三,亿级平台,极客团队,无限发挥”,移动互联网,金融 / 不需要融资
Python开发工程师,2天前发布,华云数据,25k-30k,经验3-5年 ,本科,[上海·五角场],云计算,Java,Ruby,OpenStack,golang,“绩效奖金 年终奖金 交通补贴 餐饮补贴”,移动互联网,数据服务 / D轮及以上
Python开发工程师,2天前发布,博派通达,15k-30k,经验3-5年 ,不限,[北京·小关],web,“不限量零食,福利多多,年终奖,办公环境好”,移动互联网,硬件 / A轮
Python开发工程师,16:23发布,瓜子二手车直卖网,20k-40k,经验3-5年 ,本科,[北京·上地],高级,中级,初级,php,Java,“最高19薪 独角兽公司 学习型团队”,O2O / C轮
Python工程师,2天前发布,卖座网,10k-20k,经验3-5年 ,本科,[深圳·科技园],高级,中级,linux,数据挖掘,算法,“大数据、人工智能”,移动互联网,电子商务 / B轮
python开发工程师,3天前发布,绿盟科技,8k-10k,经验3-5年 ,本科,[西安·雁塔区],信息安全,Java,“五险一金；弹性工作；餐补；定期体检”,信息安全 / 上市公司
Python开发工程师,1天前发布,猎户星空,18k-35k,经验3-5年 ,本科,[北京·团结湖],智能硬件,php,Java,后端,“牛人云集，优质福利”,移动互联网,硬件 / A轮
python软件开发工程师,2天前发布,武汉佰钧成技术有限公司,6k-12k,经验不限 ,本科,[武汉·东湖新…],云计算,linux,“产品研发”,移动互联网 / 不需要融资
Python开发师,2天前发布,问卷网@爱调研,15k-30k,经验3-5年 ,本科,[上海·徐汇区],Java,redis,架构,“五险一金,季度旅游,节日福利,带薪年假”,移动互联网 / B轮
Python开发工程师,10:03发布,朝霞科技,8k-12k,经验1-3年 ,大专,[无锡·梁溪区],大数据,MySQL,爬虫,“高成长”,移动互联网 数据服务 / 未融资
Python开发工程师,1天前发布,新炬网络,10k-15k,经验1-3年 ,大专,[深圳·莲花二…],Java,“平台大,发展前景好,五险一金,资深团队”,移动互联网,数据服务 / 未融资
Python开发工程师,2天前发布,学堂在线,20k-35k,经验3-5年 ,本科,[北京·五道口],资深,高级,linux,Java,“五险一金,餐补,生日会,优秀团队”,移动互联网,教育 / B轮
Python开发工程师,2天前发布,奥飞游戏深圳分公司,8k-12k,经验1-3年 ,大专,[深圳·南山区],linux,php,运维,“靠谱团队,项目给力,福利多多”,游戏 / A轮
python软件开发工程师,14:44发布,mioto喵图,15K-30K,15K-30K
经验1-3年 ,本科,[北京·北京大…],中级,二次开发,“技术骚,工程大,项目牛,很有挑战性”,移动互联网 企业服务 / A轮
量化平台研发工程师-python,1天前发布,经传多赢,15k-25k,经验3-5年 ,本科,[广州·东环],资深,架构师,php,Java,“技术大牛多,扁平管理,快速兑现”,移动互联网,金融 / 不需要融资
Python 开发工程师,1天前发布,H3C,10k-18k,经验3-5年 ,本科,[杭州·长河],云计算,node.js,后端,“云计算领域,教育信息化”,移动互联网,信息安全 / 上市公司
python工程师,2天前发布,好巧,15k-30k,经验3-5年 ,本科,[北京·亚运村],web后台,“带薪年假,六险一金,弹性工作,股票期权”,数据服务 / B轮
python 开发工程师,3天前发布,1Token.Trade,10k-20k,经验1-3年 ,本科,[上海·长阳路],金融,php,Java,分布式,“时间自由,技术先进,区块链”,移动互联网,金融 / A轮
python开发工程师,09:24发布,燃网络,4k-6k,经验不限 ,大专,[苏州·石路],大数据,算法,深度学习,机器学习,“五险一金,周末双休,提供住宿,年底双薪”,移动互联网,游戏 / 未融资
Python开发工程师,2天前发布,布谷鸟科技,20k-25k,经验5-10年 ,本科,[深圳·南山区],高级,php,爬虫,架构,django,“五险一金,绩效奖金,技术大牛多,团队年轻化”,电子商务,移动互联网 / 不需要融资
Python开发工程师,2天前发布,苏州锦佰安,15k-30k,经验3-5年 ,本科,[北京·上地],linux,“人工智能,前景广阔,福利齐全,技术领先”,信息安全 / 天使轮
Python开发工程师,10:17发布,达观数据,8k-15k,经验1-3年 ,本科,[上海·浦东新…],C/C++,Java,“六险一金,12天年假,专业培训,专业提升”,移动互联网 / B轮
python开发,2天前发布,武汉佰钧成技术有限公司,10K-20K,10K-20K
经验3-5年 ,大专,[杭州·西湖区],云计算,软件开发,大数据,MySQL,架构,“项目大,平台优,技术新,发展好”,移动互联网 / 不需要融资
Python软件开发工程师,2天前发布,瞬联软件科技（北京）有限公司,10k-15k,经验1-3年 ,本科,[上海·北新泾],linux,后端开发,通信,“五险一金,带薪年假,弹性工作,氛围自由”,移动互联网 ,企业服务 / 不需要融资
python开发,2天前发布,金证股份,10k-15k,经验3-5年 ,大专,[北京·亮马桥],linux,MySQL,“上市公司,项目大,福利多多,周末双休”,金融 / 上市公司
Python开发工程师,2天前发布,知乎,15k-30k,经验3-5年 ,本科,[北京·五道口],高级,Java,架构,“薪资优厚、氛围宽松、每日三餐、六险一金”,移动互联网,社交网络 / D轮及以上
Python AI工程师,1天前发布,南方网通,20k-25k,经验3-5年 ,本科,[深圳·南头],旅游,大数据,数据挖掘,Java,算法,“五险一金,提供住宿,员工旅游”,电子商务、广告营销 / 天使轮
Python 开发工程师,2天前发布,竹间智能科技(上海)有限公司,20k以上,以上
经验不限 ,本科,[上海·田林],年底双薪,股票期权,带薪年假,绩效奖金,“发展空间大 期权激励 弹性工作”,移动互联网,其他 / B轮
Python,16:23发布,瓜子二手车直卖网,20k-30k,经验1-3年 ,本科,[北京],汽车,“核心项目 BI方向 等你来挑战”,O2O / C轮
python开发工程师,2天前发布,有利网,20k-30k,经验3-5年 ,本科,[北京·三元桥],GO,php,golang,“五险一金,双休,法定节假日,年底多薪”,金融 / 不需要融资
python研发工程师,2天前发布,国美金控,30k-40k,经验5-10年 ,本科,[北京·朝阳区],云计算,Java,C/C++,linux,“大平台,新项目,领导卓越”,金融 / 未融资
Python开发工程师,2天前发布,杉数科技,18k-22k,经验3-5年 ,本科,[北京·和平里],Java,MySQL,“超优质团队,大牛带领,福利多多,发展前景”,数据服务,移动互联网 / A轮
Python开发,2天前发布,百旺金赋,6k-10k,经验1-3年 ,本科,[武汉·东湖新…],云计算,PHP,Shell,linux,系统工程师,“双休,五险一金,14薪,免费班车”,移动互联网,其他 / 不需要融资
Python开发工程师,2天前发布,纳米盒,15k-25k,经验3-5年 ,本科,[上海·张江],云计算,linux,php,Java,Ruby,“发展前景大、工作氛围好、技术牛人多”,移动互联网,教育 / B轮
Python研发工程师,3天前发布,酷家乐,15k-23k,经验1-3年 ,本科,[杭州·西溪],后端开发,Java,系统开发,golang,“期权激励、年度旅游、年终丰厚、零食水果”,移动互联网 / D轮及以上
Python工程师,2018-06-20,TELETRAAN,15k-30k,经验3-5年 ,本科,[杭州·西兴],高级,后端开发,web,“弹性工作,硅谷团队,股权激励,全正版软件”,数据服务,企业服务 / 天使轮
Python开发工程师,2天前发布,乐飞天下,11k-20k,经验3-5年 ,大专,[北京·大望路],旅游,Java,“五险一金弹性工作时间带薪年假年底旅游等”,移动互联网,旅游 / 未融资
Python开发工程师,2天前发布,武汉佰钧成技术有限公司,8k-14k,经验3-5年 ,大专,[南京·建邺区],MySQL,django,“带薪年假,五险一金,双休国假”,移动互联网 / 不需要融资
python开发工程师,2018-06-20,武汉安天,8k-13k,经验1-3年 ,本科,[武汉·东湖新…],高级,php,Java,“五险一金,试用不打折,免费班车,员工旅游”,移动互联网 / 未融资
Python开发工程师,2018-06-19,坤亿科技,8k-11k,经验1-3年 ,本科,[上海·浦东新…],Ruby,“五险一金,周末双休,绩效奖金,弹性工作”,电子商务,企业服务 / 不需要融资
Python开发工程师,2天前发布,复华控股,15k-30k,经验5-10年 ,大专,[北京·团结湖],广告营销,大数据,数据挖掘,算法,“提升空间大”,电子商务,O2O / 不需要融资
Python工程师,2天前发布,星云Clustar,15k-30k,经验1-3年 ,本科,[北京·望京],云计算,linux,Java,Go,golang,“AI最前线,技术领先,科研创新,全额福利”,企业服务 数据服务 / 天使轮
Python开发工程师,2天前发布,Wise2c,15k-30k,经验3-5年 ,本科,[深圳·大冲],云计算,高级,中级,Java,web,“13薪,年终奖,公司福利好,公司氛围好”,移动互联网,其他 / 天使轮
系统开发工程师（Python）,2天前发布,学堂在线,20k-35k,经验3-5年 ,本科,[北京·五道口],资深,高级,“五险一金,餐补,生日会,优秀团队”,移动互联网,教育 / B轮
Python开发工程师,09:20发布,沃趣科技,11k-22k,经验3-5年 ,本科,[杭州],企业服务,“精英团队、股票期权，购房贷款、丰厚奖金”,企业服务,数据服务 / 上市公司
Python工程师,07:18发布,掌控,15k-30k,经验3-5年 ,本科,[北京·西二旗],中级,全栈,MySQL,django,“行业第一,技术导向,海量用户,超强团队”,移动互联网,电子商务 / A轮
Python工程师,2天前发布,摩尔妈妈,15k-30k,经验1-3年 ,本科,[北京·朝阳区],教育,资深,高级,中级,php,“氛围轻松,成长空间大,有成就感”,移动互联网 / A轮
Python工程师,2天前发布,老虎证券,20k-30k,经验1-3年 ,本科,[北京·燕莎],php,Java,“发展快,团队好,空间大,大牛多”,移动互联网,金融 / B轮
Python开发工程师,3天前发布,有鱼智能科技,10k-20k,经验1-3年 ,本科,[深圳·香蜜湖],金融,医疗健康,文化娱乐,linux,Java,“上市公司,弹性工作制,大牛多,发展空间大”,移动互联网,金融 / 上市公司
Python开发工程师,2018-06-07,SpeedyCloud,10k-20k,经验3-5年 ,本科,[北京·酒仙桥],django,“期权,弹性时间,大牛多”,数据服务 / B轮
Python 工程师,2018-06-07,况客科技,15k-30k,经验1-3年 ,本科,[北京·朝阳门],后端开发,Node.js,“技术培养,能力提升,培养计划,福利好”,金融 / A轮
Python开发工程师,2天前发布,天锋网络,15k-20k,经验3-5年 ,本科,[北京·朝阳区],php,Java,MySQL,“带薪假期,交通便利,项目奖金,扁平管理”,游戏 / C轮
python 开发工程师,2天前发布,坤亿科技,7k-10k,经验1-3年 ,本科,[上海·塘桥],软件开发,C++,Ruby,“弹性工作,办公环境好,福利好,500强”,电子商务,企业服务 / 不需要融资
Python开发工程师,3天前发布,武汉佰钧成技术有限公司,10k-15k,经验3-5年 ,大专,[杭州·西湖区],linux,Java,SQL,“JAVA,Linux,Shell”,移动互联网 / 不需要融资
python工程师,2天前发布,萨摩耶金服,20k-40k,经验5-10年 ,本科,[深圳·南山区],数据挖掘,建模,算法,“五险一金,待遇丰厚”,金融 / B轮
python工程师,2018-06-20,肥皂台,15k-25k,经验1-3年 ,本科,[北京·朝阳区],视频,高级,中级,后端开发,C++,“五险一金,弹性工作制,绩效奖金,零食福利多”,移动互联网,文化娱乐 / 天使轮
python研发工程师,2天前发布,数美,15k-30k,经验1年以下 ,硕士,[北京·望京],大数据,数据挖掘,“飞速发展,技术氛围浓,大牛担任导”,企业服务,数据服务 / B轮
Python高级研发工程师,2天前发布,乐飞天下,15k-30k,经验5-10年 ,大专,[北京·朝阳区],后端开发,爬虫,数据分析,服务器端,“五险一金,员工旅游,带薪假期,年底奖金”,移动互联网,旅游 / 未融资
Python 高级开发工程师,2天前发布,Face++,20k-40k,经验3-5年 ,本科,[北京·海淀区],Java,php,MySQL,“人工智能,黑科技,大牛多”,移动互联网,硬件 / C轮
Python开发工程师601156,2018-06-12,思源科技,20k-30k,经验3-5年 ,本科,[北京·望京],Java,架构,“氛围好,技术大牛”,移动互联网,社交网络 / 不需要融资
Python高级开发工程师,2天前发布,擎天柱,12k-20k,经验3-5年 ,本科,[广州·天园],后端开发,web,“晋升机会,全栈发展,工作餐,周末双休”,游戏 / 不需要融资
资深 Python 研发工程师,2天前发布,店达信息,20k-30k,经验3-5年 ,本科,[上海·浦东新…],云计算,“牛人多,发展空间大,氛围轻松”,电子商务,O2O / B轮
Python开发工程师,2018-06-20,妙计旅行,8k-16k,经验1-3年 ,本科,[天津·滨海新…],大数据,Java,算法,“三餐全包,发展空间”,旅游 / B轮
python工程,09:24发布,燃网络,4k-6k,经验不限 ,大专,[合肥·包河区],数据分析,Java,“五险一金,双休,绩效奖金多,员工旅游”,移动互联网,游戏 / 未融资
python开发,2天前发布,金证股份,10k-20k,经验3-5年 ,大专,[北京·亮马桥],移动互联网,Java,架构,“上市公司,福利多多,项目大,五险一金”,金融 / 上市公司
103-中级Python开发工程师,2天前发布,华云数据,15k-25k,经验3-5年 ,本科,[上海·杨浦区],云计算,高级,linux,“各项补贴 带薪年病假 弹性上下班”,移动互联网,数据服务 / D轮及以上
Python研发工程师,3天前发布,宜信,15k-25k,经验3-5年 ,本科,[北京·华贸],金融,高级,Shell,机器学习,“互联网金融,年终奖金,弹性办公,补充医疗·”,金融 / 上市公司
Python开发工程师,2018-06-13,烽泰科技,18K-30K,18K-30K
经验3-5年 ,本科,[北京·西北旺],云计算,高级,linux,“技术主导,弹性工作,团队融洽”,企业服务 / 不需要融资
Python开发（上海）,09:53发布,百得思维,8k-14k,经验1-3年 ,本科,[上海·唐镇],云计算,Ruby,数据分析,量化,“周末双休,五险一金,优秀团队,平台发展”,其他 / 未融资
Python 开发工程师,2天前发布,微基因 WeGene,15k-30k,经验1-3年 ,本科,[深圳·车公庙],云计算,专家,资深,后端开发,架构师,“弹性工作,工作氛围好,领导好,福利佳”,移动互联网,医疗健康 / B轮
python工程师,2天前发布,网信集团,10k-20k,经验3-5年 ,本科,[成都·高新区],金融,Java,量化,“六险一金,年终奖,项目奖金,下午茶”,移动互联网,金融 / 不需要融资
Python 开发工程师,2天前发布,金证股份,15k-17k,经验3-5年 ,本科,[北京·西城区],云计算,软件开发,大数据,Java,“金融央企,五险一金”,金融 / 上市公司
Python开发工程师,2天前发布,锚链科技,15k-20k,经验5-10年 ,本科,[深圳·南山区],php,Java,系统架构,“福利待遇好,项目好,大牛带队,周末双休”,移动互联网,数据服务 / 不需要融资
Python,2天前发布,武汉佰钧成技术有限公司,10K-20K,10K-20K
经验3-5年 ,大专,[北京·朝阳区],高级,软件开发,“项目大 稳定 技术新 提升快”,移动互联网 / 不需要融资
python研发工程师,2天前发布,好巧,6k-10k,经验1-3年 ,本科,[武汉·东湖新…],linux,Java,MySQL,“六险一金,弹性不打卡,高成长团队”,数据服务 / B轮
python 工程师,3天前发布,Jcubing,5k-10k,经验应届毕业生 ,本科,[厦门·集美区],数据分析,机器学习,深度学习,NLP,人工智能,算法,“新科技,成长型,五险一金,节假日福利”,移动互联网,企业服务 / 不需要融资
Python开发工程师,2018-06-19,上海中软华腾软件系统有限公司,10K-20K,10K-20K
经验3-5年 ,本科,[广州·天河城],高级,中级,软件开发,“外企环境,周末双休法,氛围nice”,企业服务,金融 / 上市公司
Python开发工程师,2018-06-12,妙计旅行,5k-10k,经验1-3年 ,本科,[天津·滨海新…],大数据,数据挖掘,爬虫,“互联网,大触,人工智能,扁平化”,旅游 / B轮
Python开发工程师,2018-06-14,Face++,15k-30k,经验3-5年 ,本科,[北京·北京大…],中级,后端,“弹性工作,成长快,每日水果”,移动互联网,硬件 / C轮
Python工程师,2018-06-13,江泰电商,12k-16k,经验3-5年 ,本科,[北京·永定],中级,爬虫,数据分析,大数据,hadoop,“发展空间大,三餐免费,电话交通补,六险一金”,金融 / 不需要融资
Python开发工程师,15:09发布,iHandy,15k-30k,经验1-3年 ,本科,[北京·海淀区],移动互联网,服务器端,php,django,“硅谷氛围,高手如云,零食水果”,移动互联网 / 不需要融资
高级Java/Python开发工程师,1天前发布,松果电单车,30k-40k,经验5-10年 ,本科,[北京·朝阳区],资深,后端开发,数据分析,“千万级用户,牛人团队”,O2O,生活服务 / C轮
Linux C++/Python开发工程师,2天前发布,好巧,15k-25k,经验3-5年 ,大专,[北京·朝阳区],后端开发,“六险一金,B+轮融资,扁平管理”,数据服务 / B轮
python开发工程师,2018-06-11,武汉佰钧成技术有限公司,6k-12k,经验1-3年 ,本科,[郑州·高新区],云计算,高级,中级,linux,MySQL,“六险一金”,移动互联网 / 不需要融资
Python开发工程师（中高级）,2天前发布,路行通,12k-20k,经验3-5年 ,本科,[成都·高新区],后端开发,php,Java,MySQL,后端,“高绩效奖励,多维度发展,完善福利,人性化管理”,移动互联网,生活服务 / 不需要融资
Python研发工程师,2天前发布,京东金融,25k-50k,经验5-10年 ,本科,[北京·亦庄],大数据,数据挖掘,算法,机器学习,“餐补+年终奖+良好的晋升空间”,金融 / 上市公司
Python开发工程师,2天前发布,齐家网,15k-30k,经验1-3年 ,不限,[上海·丰庄],大数据,“互联网公司 O2O行业 多轮风投”,O2O ,生活服务 / D轮及以上
Python开发工程师,2天前发布,VMAXX,5k-10k,经验3-5年 ,本科,[西安·曲江新…],php,Java,MySQL,“硅谷资源,精英团队,深度学习,人工智能”,移动互联网 / A轮
python工程师,2天前发布,梦嘉信息,10k-18k,经验3-5年 ,本科,[苏州·工业园…],数据挖掘,大数据,hadoop,flask,django,“项目奖金,年终奖金,团建福利,生日惊喜”,移动互联网,电子商务 / 不需要融资
Python开发工程师-base北京,3天前发布,游族网络,12k-18k,经验3-5年 ,不限,[北京·东城区],五险一金,岗位晋升,弹性工作,扁平管理,“福利好、待遇好、上市公司”,移动互联网,游戏 / 上市公司
Python开发,2018-06-15,坤亿科技,12k-22k,经验3-5年 ,本科,[上海·浦东新…],C/C++,服务器端,GO,django,“五险一金,年终奖金,团队合作,弹性工作”,电子商务,企业服务 / 不需要融资
Python工程师,2018-06-15,浙报集团,8k-16k,经验1-3年 ,本科,[杭州·天水],Ruby,“最美食堂,国企福利”,移动互联网,文化娱乐 / 不需要融资
高级Python开发工程师,2018-06-13,Face++,25k-50k,经验3-5年 ,本科,[北京·北京大…],资深,“大牛多”,移动互联网,硬件 / C轮
高级Python开发工程师,2天前发布,musical.ly,25k-50k,经验3-5年 ,本科,[上海·南外滩],社交,后端开发,分布式,redis,架构,“大牛带你飞,零食不断,过亿用户”,社交网络,文化娱乐 / 不需要融资
PYTHON研发工程师,2天前发布,麦达数字,25k-35k,经验3-5年 ,本科,[北京·朝阳区],数据分析,数据挖掘,大数据,算法,爬虫,“上市公司,五险一金,薪酬福利好,发展空间大”,企业服务,数据服务 / 上市公司
Python工程师,2天前发布,海南新浪爱问普惠科技有限公司,15k-25k,经验3-5年 ,本科,[深圳·科技园],高级,后端开发,大数据,hadoop,“福利好,金融科技,大数据,发展空间大”,金融 / 未融资
高级Python工程师,2天前发布,店达信息,15K-20K,15K-20K
经验3-5年 ,本科,[上海·浦东新…],云计算,电商,后端开发,“氛围和谐,技术大佬,定期团建,发展空间大”,电子商务,O2O / B轮
Python,2天前发布,武汉佰钧成技术有限公司,15k-30k,经验3-5年 ,大专,[武汉·观澜],云计算,软件开发,linux,OpenStack,“牛人团队,薪资高,福利好”,移动互联网 / 不需要融资
python开发工程师,2018-06-19,一览科技,20k-40k,经验不限 ,硕士,[北京·来广营],资深,高级,中级,软件开发,大数据,django,“知识短视频第一品牌，风行网创始人再创业”,移动互联网,文化娱乐 / B轮
Python开发工程师,2018-06-13,BOO!,10k-20k,经验3-5年 ,本科,[西安·科技二…],MySQL,数据库,“弹性工作,扁平管理,五险一金,健身福利”,移动互联网,社交网络 / A轮
Python开发工程师,11:49发布,松茂科技,15k-20k,经验3-5年 ,本科,[深圳·前海],金融,PHP,Java,交易,CRM,“十点上班,周末双休,下午茶零食,团建旅游”,移动互联网 / A轮
Python开发工程师-pass平台方向,2天前发布,京东金融,25k-50k,经验5-10年 ,本科,[北京·大兴区],云计算,linux,运维,“班车,餐补”,金融 / 上市公司
高级Python研发工程师,2天前发布,贝米钱包,15k-30k,经验3-5年 ,本科,[上海·徐汇区],金融,后端开发,MySQL,redis,架构,“商业保险,年度旅游,带薪年病假,弹性工作”,金融 / A轮
Python开发岗,2天前发布,试金石信用,10k-20k,经验1-3年 ,本科,[深圳·蛇口],Java,爬虫,“福利好,大牛多”,数据服务,移动互联网 / 不需要融资
python 工程师,3天前发布,Jcubing,8k-16k,经验1-3年 ,本科,[厦门·集美区],数据挖掘,深度学习,NLP,人工智能,算法,机器学习,“新科技,成长型,五险一金,节假日福利”,移动互联网,企业服务 / 不需要融资
python开发工程师,2018-06-20,华云中盛,12k-20k,经验3-5年 ,大专,[深圳·南山区],企业服务,php,Java,“五险一金,年度体检,年度旅游,年终福利”,数据服务,移动互联网 / 不需要融资
python工程师,2018-06-19,慧影医疗,15k-25k,经验3-5年 ,本科,[北京·西三旗],信息安全,php,“弹性工作,七险一金,十三薪”,移动互联网,医疗健康 / B轮
Python,2018-06-20,通力互联,15k-25k,经验5-10年 ,大专,[深圳·坂田],高级,中级,初级,数据挖掘,hadoop,“5天8小时,薪资福利好”,电子商务,企业服务 / 不需要融资
python工程师 (MJ000272),2018-06-19,作业盒子,20k-40k,经验3-5年 ,不限,[北京·朝外],大数据,数据挖掘,“年底多薪,氛围好”,移动互联网,教育 / C轮
python工程师,2018-06-15,中原消费金融,10k-20k,经验1-3年 ,本科,[郑州·中原区],Java,爬虫,“领导好,待遇优”,移动互联网,金融 / 不需要融资
Python开发,2天前发布,金证股份,9k-16k,经验1-3年 ,本科,[深圳·福田区],php,Java,统计,财经,自然语言处理,“上市公司,大型项目,年度调薪,薪资福利好”,金融 / 上市公司
Python开发／后端软件工程师.,2天前发布,Juwai,20k-30k,经验3-5年 ,本科,[上海·虹口区],后端开发,js,linux,“氛围好”,移动互联网 / B轮
python开发工程师,2018-06-19,一览科技,20k-40k,经验3-5年 ,本科,[北京·望京],视频,资深,高级,中级,软件开发,大数据,“福利优厚”,移动互联网,文化娱乐 / B轮
Python高级开发工程师,2天前发布,微车,20k-30k,经验3-5年 ,本科,[北京·万柳],MySQL,redis,“一日三餐、带薪年假、弹性工作、六险一金”,移动互联网,O2O / C轮
python开发工程师,2天前发布,武汉佰钧成技术有限公司,10k-17k,经验3-5年 ,大专,[深圳·科技园],高级,中级,大数据,SQL,hadoop,“仿真模型,六险一金,节日福利,法定假期”,移动互联网 / 不需要融资
Python 开发工程师,2天前发布,省钱快报,15k-25k,经验1-3年 ,本科,[北京·雍和宫],中级,百万 Dau,千万流量,“百万Dau,免费3餐,千万流量,微服务”,移动互联网,电子商务 / C轮
python工程师,2天前发布,力太科技,13k-25k,经验3-5年 ,本科,[武汉·关山],Java,分布式,C/C++,“六险一金,带薪年假,股票期权,周末双休”,移动互联网,其他 / C轮
Python开发工程师,2天前发布,博云,6k-10k,经验3-5年 ,本科,[上海·唐镇],云计算,linux,“五险一金,加班补助,弹性工作,绩效奖金”,移动互联网,企业服务 / B轮
python开发（外包）,2天前发布,博奥特科技,12k-18k,经验3-5年 ,大专,[深圳·振华路],高级,中级,js,node.js,django,“周末双休,加班调休,五险一金,节日福利”,移动互联网,金融 / 未融资
python开发工程师,2天前发布,高思教育集团,20k-30k,经验3-5年 ,本科,[北京·学院路],教育,大数据,数据挖掘,“牛人多,氛围好,成长快,技术弄潮儿”,教育,移动互联网 / 上市公司
Python开发工程师,2018-06-20,任子行,15k-20k,经验3-5年 ,本科,[北京·海淀区],信息安全,linux,Java,“五险一金,弹性工作,团队融洽,环境优美”,移动互联网 / 上市公司
Python开发工程师,2018-06-19,一点资讯,20k-40k,经验1-3年 ,本科,[北京·朝阳区],带薪年假,午餐补助,扁平管理,弹性工作,“弹性工作,发展空间大,千万级用户,行业独”,移动互联网 / D轮及以上
Python工程师,2018-06-05,10com,10k-20k,经验3-5年 ,本科,[厦门·开元],云计算,资深,大数据,Java,“弹性工作,五险一金,扁平管理,家属福利”,移动互联网,电子商务 / 不需要融资
Python,2018-05-29,会分期,15K-25K,15K-25K
经验3-5年 ,本科,[北京·西二旗],节日礼物,股票期权,带薪年假,年度旅游,“行业领先,激情团队,扁平化管理,团队氛围好”,移动互联网、金融 / C轮
Python,2天前发布,大河网,5k-10k,经验3-5年 ,本科,[郑州·中原区],云计算,“五险 双休”,文化娱乐 / 不需要融资
Python开发工程师,2天前发布,妈妈帮,10k-20k,经验1-3年 ,本科,[上海·浦东新…],中级,初级,“氛围活跃,技术团队,不打卡,福利赞”,移动互联网,O2O / 不需要融资
资深python开发工程师,3天前发布,1Token.Trade,25k-35k,经验3-5年 ,本科,[上海·长阳路],金融,php,Java,分布式,“时间自由,技术先进,区块链,一年多薪”,移动互联网,金融 / A轮
Python工程师,2018-06-06,武汉佰钧成技术有限公司,10k-20k,经验不限 ,本科,[广州·天河区],带薪年假,计算机软件,管理规范,定期体检,“弹性工作,敏捷开发,无加班”,移动互联网 / 不需要融资
高级Python开发工程师,3天前发布,酷家乐,15k-30k,经验3-5年 ,本科,[杭州·拱墅区],两次加薪,弹性工作,期权丰厚,两次晋升,“期权激励,D轮融资,行业第一,技术牛人多”,移动互联网 / D轮及以上
Python开发工程师,2018-06-19,再惠网络,15k-30k,经验1-3年 ,本科,[上海·交通大…],本地生活,本地生活,大数据,团购,点评,“硅谷文化；免费餐饮；期权激励；”,移动互联网,企业服务 / B轮
python开发工程师,2天前发布,智影,15k-20k,经验1-3年 ,本科,[北京·朝阳区],中级,后端开发,“朝阳行业,平台广阔,技术大牛,福利丰厚”,移动互联网,数据服务 / 不需要融资
32-高级Python开发工程师,2天前发布,华云数据,17k-30k,经验3-5年 ,本科,[上海·杨浦区],中级,Java,web,“各项补贴 节日福利 弹性上下班 年度旅游”,移动互联网,数据服务 / D轮及以上
python开发工程师,3天前发布,广州棒谷科技股份有限公司,15k-25k,经验1-3年 ,本科,[广州·白云大…],hadoop,大数据,Java,“福利好,工作氛围好,发展平台大”,电子商务 / 不需要融资
Python开发工程师（网安）-北京,2018-06-20,任子行,15k-20k,经验3-5年 ,本科,[北京·海淀区],信息安全,linux,Java,“五险一金,周末双休,节日福利,弹性时间”,移动互联网 / 上市公司
Python开发工程师,2018-06-04,上海华瑞银行,20k-40k,经验3-5年 ,本科,[上海·东方路],银行,node.js,Java,“六险两金,年度体检,绩效奖金,渠道晋升”,金融 / 不需要融资
python开发工程师,1天前发布,猎户星空,15k-30k,经验1-3年 ,本科,[北京·朝阳区],算法,机器学习,“六险一金,福利多,open,牛人多”,移动互联网,硬件 / A轮
python工程师,2天前发布,花生米富,16k-20k,经验3-5年 ,大专,[北京·中关村],股票期权,年底双薪,带薪年假,功夫熊按摩,“五险一金”,移动互联网,金融 / B轮
Python开发,2天前发布,蚂蚁云科技,7k-14k,经验不限 ,不限,[厦门·湖里区],金融,信息安全,初级,php,Java,MySQL,“弹性上班,有发展前景,富有挑战,股票期权”,企业服务,金融 / 天使轮
Python工程师,3天前发布,思华科技,18K-35K,18K-35K
经验3-5年 ,本科,[上海·张江],节日礼物,年底双薪,专项奖金,股票期权,“弹性上班，培训机会，补充医疗，核心团队”,移动互联网 / D轮及以上
python工程师,3天前发布,四川长虹电器股份有限公司,8k-15k,经验3-5年 ,本科,[成都·高新区],linux,运维,“五险一金,年终奖,项目奖”,硬件 / 上市公司
Python,2018-06-19,新希望软件,10k-15k,经验3-5年 ,本科,[宁波·倪家堰],php,Java,MySQL,资深,MQ,“出国机会，上升空间，踏实做事，靠谱”,企业服务,生活服务 / 未融资
python研发工程师,2018-06-15,掌阅,15K-30K,15K-30K
经验3-5年 ,本科,[北京·四惠],高级,中级,后端开发,全栈,“全员MAC，六险一金，成长空间大”,移动互联网 / 上市公司
Python开发工程师,2天前发布,商汤科技,15k-30k,经验3-5年 ,本科,[深圳·深圳湾],高级,大数据,Java,“人工智能,福利好,技术大牛多,弹性工作”,移动互联网 / B轮
Python,2天前发布,省钱快报,15k-30k,经验1-3年 ,本科,[北京·雍和宫],高级,数据分析,Java,“海量数据、氛围轻松、项目奖金”,移动互联网,电子商务 / C轮
Python开发工程师,2天前发布,奇虎360金融,20k-30k,经验3-5年 ,本科,[北京·酒仙桥],高级,中级,“核心业务，角色重要，成长空间大”,移动互联网,金融 / 未融资
Python 工程师,2天前发布,果雪科技,15k-30k,经验3-5年 ,本科,[上海·闵行区],云计算,电商,中级,软件开发,Ruby,“技术牛,福利好,氛围好,老板牛”,移动互联网 / A轮
python研发工程师,2天前发布,CDS,15k-30k,经验5-10年 ,本科,[北京·四季青],云计算,redis,架构,“薪酬福利好,云计算公司”,移动互联网 / 上市公司
中级python研发工程师,3天前发布,路行通,8k-15k,经验3-5年 ,本科,[成都·高新区],web后端,“高绩效奖励,多维度发展,完善福利,人性化管理”,移动互联网,生活服务 / 不需要融资
Python开发工程师,3天前发布,500.com集团,15k-25k,经验3-5年 ,本科,[深圳·南山区],游戏,后端开发,php,Java,MySQL,后端,“氛围轻松”,移动互联网,电子商务 / 上市公司
python开发工程师,18:48发布,联龙博通,10k-18k,经验3-5年 ,本科,[北京·宣武门],Java,MySQL,“五险一金,节日礼金,绩效奖金,餐饮补助”,移动互联网,电子商务 / D轮及以上
高级Python研发工程师,17:05发布,牛顿Newton,15k-30k,经验3-5年 ,本科,[北京·三里屯],云计算,node.js,django,“区块链,高成长”,企业服务,数据服务 / 不需要融资
Python开发工程师,1天前发布,智水互娱,20k-40k,经验1-3年 ,大专,[北京·北京站],Java,对日,“海外,高薪”,游戏 / 不需要融资
高级Python开发工程师,2天前发布,NewsJet,25k-45k,经验3-5年 ,本科,[北京·知春路],资深,后端开发,服务器端,“Geek范,清华系,福利待遇好,股票期权”,移动互联网 / 不需要融资
Python工程师,2018-06-12,问卷网@爱调研,6k-12k,经验应届毕业生 ,本科,[苏州·独墅湖],后端开发,全栈,php,Java,web,“福利多多,带薪年假,定期体检,五险一金”,移动互联网 / B轮
Python工程师,2018-05-29,猎户星空,15k-30k,经验1-3年 ,本科,[北京·团结湖],人工智能,机器学习,“人工智能,扁平管理,晋升空间大”,移动互联网,硬件 / A轮
python开发工程师,11:49发布,松茂科技,15k-20k,经验3-5年 ,本科,[深圳·前海],PHP,Java,“下午茶零食,团建旅游,十点上班,周末双休”,移动互联网 / A轮
高级python 开发工程师,1天前发布,有利网,12k-24k,经验3-5年 ,本科,[北京·三元桥],php,Java,web,“职位晋升,带薪年假,行业大拿,空间平台”,金融 / 不需要融资
中级python工程师,2天前发布,有利网,25k-35k,经验3-5年 ,本科,[北京·三元桥],GO,php,golang,“五险一金,双休,法定节假日,年底多薪”,金融 / 不需要融资
高级Python工程师,2天前发布,星云Clustar,20k-40k,经验3-5年 ,本科,[北京·望京],Java,C/S,golang,“AI最前沿,技术领先,科技创新,全额福利”,企业服务 数据服务 / 天使轮
Python工程师,2天前发布,爱美刻,15k-25k,经验3-5年 ,本科,[北京·北苑],云计算,node.js,web,django,“团队氛围好,弹性工作,股票期权,地铁沿线”,文化娱乐,移动互联网 / A轮
python开发工程师,3天前发布,游族网络,15k-30k,经验不限 ,不限,[上海·徐汇区],游戏,linux,Web前端,MySQL,Nginx,“工作氛围好,专业培训,发展空间大,上市公司”,移动互联网,游戏 / 上市公司
Python开发工程师,3天前发布,万科物业,15k-30k,经验3-5年 ,本科,[深圳·上梅林],资深,高级,中级,后端开发,redis,“平台好,空间大”,O2O,生活服务 / 不需要融资
高级python开发工程师,1天前发布,环球易购,15k-25k,经验3-5年 ,大专,[深圳·南山区],云计算,软件开发,php,Ruby,“上市公司”,电子商务 / 上市公司
Python开发工程师[亦庄],2天前发布,天润融通,15k-30k,经验不限 ,本科,[北京·亦庄],五险一金,带薪年假,免费班车,领导好,“AI,机器学习”,企业服务,数据服务 / 不需要融资
Python/Go 运维开发工程师,2天前发布,厚本金融,15k-25k,经验3-5年 ,本科,[上海·打浦桥],高级,爬虫,服务器端,自动化,“技术前沿,优渥待遇,学习成长”,金融 / A轮
Python研发工程师,2018-06-20,妙计旅行,8k-16k,经验1-3年 ,本科,[北京·安定门],爬虫,大数据,算法,“免费三餐,晋升空间,福利待遇好”,旅游 / B轮
python工程师,13:07发布,一泰慧安,12K-20K,12K-20K
经验3-5年 ,本科,[深圳·华强北],大数据,Java,web,“扁平化,发展大”,移动互联网 硬件 / 未融资
Python开发工程师,1天前发布,回收宝,15k-22k,经验3-5年 ,本科,[深圳·南山区],专家,资深,MySQL,后端,“腾讯系团队,大牛导师多,发展前景广,薪资待遇好”,移动互联网,电子商务 / B轮
高级Python开发工程师,1天前发布,松果电单车,30k-45k,经验3-5年 ,本科,[北京·朝阳区],数据分析,Java,算法,“大牛多,快速发展期,业务好,17薪”,O2O,生活服务 / C轮
Python开发工程师,2天前发布,网信集团,8k-16k,经验3-5年 ,本科,[成都·高新区],高级,中级,算法,数据结构,“六险一金,弹性工作制,股票期权,饭补”,移动互联网,金融 / 不需要融资
Python程序员,2天前发布,点触科技,10k-20k,经验3-5年 ,本科,[厦门·软件园],游戏,php,C++,Java,后端,“五险一金，双休，班车接送，免费早餐”,移动互联网,游戏 / 上市公司
Python,2018-06-20,亿可能源,2k-3k,经验不限 ,本科,[上海·复旦大…],实习,后端开发,Java,MySQL,“大数据,能源,人工智能,不打卡”,移动互联网,数据服务 / A轮
Python高级开发工程师,20:36发布,ivtime,15k-25k,经验3-5年 ,本科,[南京·江宁区],后端,“弹性工作无需打卡、氛围好福利好，学习机会”,移动互联网,企业服务 / A轮
python软件工程师助理/python程序员+双,09:24发布,燃网络,4k-6k,经验不限 ,大专,[苏州·石路],实习,后端开发,Java,PHP,Android,“五险一金,年底双薪,节日福利,朝九晚六”,移动互联网,游戏 / 未融资
高级/资深 python开发工程师,1天前发布,Club Factory,20k-30k,经验3-5年 ,本科,[杭州·古荡],海量大数据,世界级产品,AI,智能供应链,“高流量,高并发,技术成长快,世界级产品”,电子商务,移动互联网 / C轮
高级 Python 工程师,1天前发布,波场TRON,20k-40k,经验3-5年 ,本科,[北京·中关村],云计算,后端开发,web,数据分析,“区块链技术,国际化团队,技术大牛,发展前景好”,移动互联网,金融 / 不需要融资
资深python开发工程师,2天前发布,Gridsum 国双,15k-25k,经验5-10年 ,本科,[深圳·岗厦],全栈,GO,linux,运维,“大数据上市公司 福利待遇好 成长空间大”,数据服务,企业服务 / 上市公司
python研发工程师,2天前发布,数美,15k-30k,经验1-3年 ,本科,[北京·望京],大数据,数据挖掘,“飞速发展,发展快,海量数据”,企业服务,数据服务 / B轮
python开发工程师,2天前发布,性能魔方,15k-25k,经验1-3年 ,本科,[上海·中山公…],年底双薪,岗位晋升,扁平管理,领导好,“主板上市,股权激励,牛人多,弹性工作”,数据服务 / A轮
Go/Python开发工程师,2天前发布,锚链科技,25k-50k,经验3-5年 ,本科,[深圳·南山区],信息安全,旅游,php,Java,“福利好,晋升机会多,氛围好,周末双休”,移动互联网,数据服务 / 不需要融资
Python开发工程师,3天前发布,鲸准,18k-25k,经验3-5年 ,不限,[北京·甜水园],金融,大数据,Java,“六险一金,美女如云,帅哥扎堆”,数据服务,企业服务 / D轮及以上
python开发工程师,3天前发布,绿盟科技,9k-15k,经验1-3年 ,本科,[西安·雁塔区],信息安全,“五险一金；弹性工作；餐补；定期体检”,信息安全 / 上市公司
Python 开发工程师,2018-06-20,金风科技,18k-35k,经验3-5年 ,本科,[北京·大兴区],带薪年假,节日礼物,帅哥多,美女多,“五险一金,节日福利,餐补,带薪年假”,硬件,其他 / 上市公司
python开发工程师,1天前发布,博奥特科技,15k-25k,经验3-5年 ,本科,[深圳·华强北],高级,中级,初级,后端开发,数据分析,“双休,晋升空间大,平台好,五险一金”,移动互联网,金融 / 未融资
高级Python开发工程师,2天前发布,极光,15k-30k,经验3-5年 ,本科,[深圳·南头],云计算,linux,云平台,django,“五险一金、14薪+、下午茶、年度旅游等等”,移动互联网,数据服务 / D轮及以上
高级Python开发,2天前发布,问卷网@爱调研,15k-30k,经验3-5年 ,本科,[上海·徐汇区],资深,web,Java,架构,“季度旅游,带薪年假,下午茶,股票期权”,移动互联网 / B轮
python工程师,2天前发布,江苏亿科达,8k-15k,经验1-3年 ,大专,[上海·洋泾],,“年终奖,过节费,旅游,体检”,移动互联网,金融 / 不需要融资
高级python工程师,2天前发布,波场TRON,25k-50k,经验3-5年 ,本科,[北京·海淀区],信息安全,直播,php,Java,架构,“核心产品,团队氛围好,区块链应用,奖金多”,移动互联网,金融 / 不需要融资
python开发工程师,2天前发布,新华云帆,10k-20k,经验3-5年 ,本科,[深圳·南山区],信息安全,linux,golang,“五险一金,餐饮补助,定期体检,弹性工作”,数据服务 / B轮
Python 开发工程师,3天前发布,羚羊极速,15k-30k,经验3-5年 ,本科,[深圳·后海],云计算,linux,运维,golang,“发展前景好,股份期权,团队年轻,福利好”,移动互联网 / A轮
python攻城狮,3天前发布,罗威亚科技,9k-15k,经验1-3年 ,本科,[北京·亦庄],云计算,中级,初级,MySQL,golang,“平台好,技术新,大牛带,团队棒”,移动互联网,硬件 / 天使轮
Python研发工程师,3天前发布,Each+,15K-22K,15K-22K
经验3-5年 ,本科,[上海·浦东新…],数据库,HTML,Css,“股票期权,扁平管理”,移动互联网 / 天使轮
Python开发工程师,3天前发布,象辑科技,10k-20k,经验1-3年 ,本科,[北京·白石桥],Java,“高手如云的团队，带你成长带你飞~”,移动互联网,数据服务 / B轮
python开发工程师,2018-06-20,会分期,15k-30k,经验3-5年 ,本科,[北京·西二旗],信息安全,高级,中级,php,MySQL,“股票期权,弹性工作制,行业龙头,地铁周边”,移动互联网、金融 / C轮
python开发工程师,2018-06-19,看了吗视频,15K-30K,15K-30K
经验3-5年 ,本科,[北京·望京],node.js,django,“地铁周边,月度奖励,晋升空间,不定期团建”,移动互联网 / A轮
Python开发工程师,1天前发布,广州玖维信息科技有限公司,5k-8k,经验1年以下 ,大专,[广州·天河城],初级,实习,linux,Java,“双休,提成,五险一金,带薪休假”,移动互联网,数据服务 / 上市公司
高级Python研发工程师,2天前发布,掌阅,25k-35k,经验3-5年 ,本科,[北京·四惠],云计算,Java,架构,“扁平化管理,福利待遇佳,学习氛围好,晋升空间大”,移动互联网 / 上市公司
高级 Python 开发工程师,2天前发布,省钱快报,15k-30k,经验不限 ,本科,[北京·雍和宫],中级,实习,php,Go,“百万Dau,多语言,千万流量,免费3餐”,移动互联网,电子商务 / C轮
Python/Golang开发工程师,2天前发布,图玛深维,15k-30k,经验3-5年 ,本科,[北京·望京],云计算,Java,django,“技术大牛,AI,弹性工作,氛围良好”,其他 / B轮
高级python开发工程师,2天前发布,有利网,30k-40k,经验5-10年 ,本科,[北京·三元桥],GO,php,golang,“五险一金,双休,年底多薪,法定节假日”,金融 / 不需要融资
高级Python开发工程师,2天前发布,果壳网,20k-40k,经验3-5年 ,本科,[北京·百子湾],大数据,“八险一金,免费三餐,不加班,弹性工作”,移动互联网,社交网络 / C轮
高级爬虫工程师/python开发,2天前发布,连载阅读,10k-15k,经验3-5年 ,大专,[长沙·岳麓区],hadoop,数据分析,数据挖掘,“优秀团队,技术氛围好”,移动互联网,电子商务 / A轮
研发工程师-Python/C++-图像算法,18:52发布,顺丰科技有限公司,10k-20k,经验3-5年 ,本科,[武汉·东湖新…],C/C++,图像处理,深度学习,“弹性工作,带薪年假,五险一金,晋升发展”,移动互联网,电子商务 / 不需要融资
服务端高级开发工程师Golang/Python,00:21发布,美团点评,35k-45k,经验3-5年 ,本科,[北京·望京],资深,大数据,C++,Java,“优厚待遇,技术导向”,移动互联网,O2O / D轮及以上
Python工程师,2天前发布,有利网,25k-40k,经验3-5年 ,本科,[北京·三元桥],Java,golang,“大平台,氛围好”,金融 / 不需要融资
高级python开发工程师,2天前发布,Gridsum 国双,15k-20k,经验3-5年 ,本科,[深圳·岗厦],全栈,GO,linux,运维,“大数据上市公司 福利待遇好 发展空间大”,数据服务,企业服务 / 上市公司
Python开发工程师(MJ000810),2018-06-19,作业盒子,15k-30k,经验1-3年 ,不限,[北京·朝外],技能培训,年底双薪,节日礼物,年度旅游,“年底多薪,氛围好”,移动互联网,教育 / C轮
Python工程师,2018-06-15,LEANIOT,10k-20k,经验1-3年 ,本科,[北京·望京],Java,Ruby,“五险一金”,企业服务,数据服务 / 不需要融资
Python开发工程师（Web方向）,1天前发布,Club Factory,15k-20k,经验1-3年 ,本科,[杭州·古荡],海量大数据,世界级产品,AI,智能供应链,“高复杂度,世界级产品,技术成长快”,电子商务,移动互联网 / C轮
高级Python开发,2天前发布,坚果云,15k-25k,经验1-3年 ,本科,[上海·浦东新…],云计算,hadoop,Java,分布式,redis,“薪酬丰厚,扁平化管理,学习平台”,企业服务,数据服务 / 不需要融资
Python开发工程师,3天前发布,马上金融,20k-30k,经验3-5年 ,大专,[北京·华贸],linux,数据库,“年底2-4薪”,金融,移动互联网 / 不需要融资
Python开发工程师-运维平台方向,2018-06-20,钱包生活,20k-30k,经验3-5年 ,本科,[上海·漕宝路],linux,MySQL,“前沿技术,极客精神,大平台,高挑战”,O2O,移动互联网 / B轮
高级python工程师,2018-06-19,再惠网络,20k-40k,经验5-10年 ,本科,[上海·交通大…],总监,资深,中级,“免费参与,业界大牛,弹性工作”,移动互联网,企业服务 / B轮
基础平台开发-python,2018-06-19,一点资讯,25k-30k,经验1-3年 ,本科,[北京·望京],云计算,node.js,Java,redis,“上升空间大,弹性福利,弹性时间”,移动互联网 / D轮及以上
python高级开发工程师,1天前发布,经传多赢,10k-20k,经验1-3年 ,不限,[广州·东环],php,Java,“高成长团队,团队稳定,氛围好”,移动互联网,金融 / 不需要融资
高级Python开发工程师,1天前发布,华尔街见闻,15k-22k,经验3-5年 ,本科,[上海·黄浦区],Java,爬虫,“五险一金”,金融,移动互联网 / B轮
高级python开发工程师,2天前发布,百融金服,20k-30k,经验3-5年 ,本科,[北京·中关村],软件开发,Java,架构,“六险一金”,金融,数据服务 / B轮
Python 研发工程师,2018-06-19,字节跳动,25k-45k,经验3-5年 ,本科,[北京·海淀区],后端开发,“六险一金，高薪期权，弹性工作，免费三餐，租房补贴，带薪休假，扁平管理，职业大牛，晋升空间”,移动互联网,数据服务 / C轮
Python开发工程师,2天前发布,京东金融,15k-25k,经验3-5年 ,本科,[杭州·拱墅区],云计算,web,“班车,餐补”,金融 / 上市公司
Python开发工程师,2天前发布,DAOCLOUD,20k-40k,经验3-5年 ,本科,[上海·五角场],云计算,软件开发,Java,“15天年假,5天病假,年终多薪,公司前景”,企业服务,数据服务 / A轮
Python开发工程师,2天前发布,iHandy,15k-30k,经验1-3年 ,本科,[北京·五道口],中级,服务器端,node.js,Java,后端,“六险一金,水果零食多,按摩椅,大牛云集”,移动互联网 / 不需要融资
Python中级开发工程师,2天前发布,问卷网@爱调研,15k-30k,经验3-5年 ,本科,[上海·徐汇区],Java,架构,“股票期权,弹性工作,五险一金,下午茶”,移动互联网 / B轮
Python研发工程师（中高级）,2天前发布,掌阅,15k-25k,经验3-5年 ,本科,[北京·四惠],云计算,“管理扁平化,发展机会佳,薪资待遇好”,移动互联网 / 上市公司
资深python开发工程师,3天前发布,游族网络,15k-25k,经验3-5年 ,不限,[上海·徐汇区],五险一金,岗位晋升,弹性工作,扁平管理,“工作氛围好,发展空间大,专业培训,各种团建”,移动互联网,游戏 / 上市公司
Python开发工程师,2018-06-20,闪银奇异,18k-35k,经验1-3年 ,本科,[北京·朝阳区],大数据,数据挖掘,“全五险一金,牛人多,发展快,福利好”,移动互联网,金融 / D轮及以上
python开发工程师,2天前发布,通力互联,8k-13k,经验3-5年 ,本科,[北京·北京大…],地图,后台开发,Linux编程,算法数据结构,“IT互联网,平台大,发展好”,电子商务,企业服务 / 不需要融资
Python开发工程师,2天前发布,新浪网,13k-26k,经验1-3年 ,本科,[北京·北京大…],Java,架构,“系统开发”,文化娱乐 / 上市公司
Python,2天前发布,博奥特科技,10k-20k,经验1-3年 ,大专,[深圳·皇岗],金融,大数据,数据分析,量化,“行业前景好,发展空间大”,移动互联网,金融 / 未融资
Python开发工程师,2018-06-19,FDTAI,20k-30k,经验3-5年 ,本科,[深圳·福田区],监控,系统工程师,系统开发,“晋升空间大,平台好,领导好”,金融 / 不需要融资
python开发工程师（本科，2年+）,2018-06-19,武汉佰钧成技术有限公司,10k-20k,经验1-3年 ,本科,[广州·天河区],带薪年假,计算机软件,管理规范,定期体检,“福利齐全,弹性工作制,技术平台好”,移动互联网 / 不需要融资
Python开发工程师,2018-06-08,尚德机构,10k-15k,经验1-3年 ,大专,[武汉·洪山区],PyQt,“上市公司,五险一金,优秀团队,技术一流”,教育 / 上市公司
Python开发工程师,2天前发布,盖威,14k-20k,经验3-5年 ,本科,[深圳·科技园],linux,C++,“福利待遇好”,金融 / 不需要融资
Python开发工程师-自动化网络方向,2018-06-20,京东金融,18k-30k,经验3-5年 ,本科,[北京·通州区],信息安全,后端开发,linux,“氛围良好,班车接送,免费用餐,有健身房”,金融 / 上市公司
Python 开发工程师,2018-06-20,闪银奇异,15k-25k,经验3-5年 ,本科,[北京·团结湖],中级,大数据,Java,“晋升空间大,七险一金,补充医疗,多次调薪”,移动互联网,金融 / D轮及以上
Python,2018-06-12,问卷网@爱调研,6k-12k,经验1-3年 ,本科,[苏州·独墅湖],后端开发,web,爬虫,全栈,“带薪年假,定期体检,五险一金,福利多多”,移动互联网 / B轮
Python开发,3天前发布,通力互联,9k-18k,经验3-5年 ,大专,[北京·北京大…],MySQL,数据库,“周末双休,团建活动”,电子商务,企业服务 / 不需要融资
高级Python开发工程师,10:22发布,字节跳动,25k-40k,经验3-5年 ,本科,[北京·海淀区],后端开发,“六险一金，弹性工作，免费三餐，租房补贴，带薪休假，休闲下午茶，扁平管理，健身瑜伽，过亿用户，职业大牛，晋升空间，团队氛围好，优厚薪资”,移动互联网,数据服务 / C轮
高级python开发工程师,2天前发布,她理财,15k-30k,经验1-3年 ,本科,[北京·大望路],golang,“互联网金融 无天花板 六险一金 期权激励”,移动互联网,金融 / A轮
Python开发工程师,3天前发布,缔联科技,10k-20k,经验3-5年 ,本科,[北京·海淀区],即时通讯,Java,MySQL,“周末双休,法定节假日,六险一金,年底双薪”,企业服务 / B轮
Python开发工程师,2018-06-20,磁力信,12k-24k,经验3-5年 ,本科,[北京·酒仙桥],linux,Ruby,Go,“五险一金,住房补贴,带薪休假,周末双休”,教育,移动互联网 / 不需要融资
Python,2018-06-20,亿可能源,15k-30k,经验3-5年 ,本科,[上海·复旦大…],后端开发,Java,MySQL,“技术大牛”,移动互联网,数据服务 / A轮
高级python工程师,2018-06-19,再惠网络,20k-40k,经验3-5年 ,本科,[上海·交通大…],资深,“硅谷文化；免费餐饮”,移动互联网,企业服务 / B轮
python开发工程师(4070),2018-05-31,完美世界,15k-25k,经验不限 ,不限,[北京·朝阳区],绩效奖金,五险一金,带薪年假,年度旅游,“1”,移动互联网,游戏 / 上市公司
python开发工程师,1天前发布,博奥特科技,10k-20k,经验1-3年 ,大专,[深圳·华强北],高级,中级,架构师,爬虫,服务器端,“晋升空间大,福利待遇好”,移动互联网,金融 / 未融资
高级python开发工程师,2天前发布,智影,20k-40k,经验5-10年 ,本科,[北京·朝阳区],云计算,资深,后端开发,web,“朝阳行业,平台广阔,技术大牛,福利丰厚”,移动互联网,数据服务 / 不需要融资
python工程师,3天前发布,作业盒子,15k-30k,经验3-5年 ,本科,[北京·朝阳区],后端开发,爬虫,大数据,数据挖掘,“大平台,技术牛,好前景,核心职位”,移动互联网,教育 / C轮
Python高级开发工程师,2018-06-20,妙计旅行,15k-25k,经验1-3年 ,本科,[北京·安定门],大数据,Java,算法,爬虫,“福利待遇好,气氛活跃,免费三餐”,旅游 / B轮
Python开发工程师,3天前发布,闪银奇异,18k-35k,经验3-5年 ,本科,[北京·团结湖],13~15薪,晋升空间大,定期体检,能力定薪,“六险一金,丰厚年终奖,大牛云集,免费自助餐”,移动互联网,金融 / D轮及以上
Python开发工程师,2018-06-20,上海炽聚,12k-20k,经验1-3年 ,本科,[深圳·南山区],中级,软件开发,linux,运维,云管理,“热点行业，五险一金，待遇从优,BAT工作机会”,电子商务,企业服务 / A轮
Python开发,2018-06-15,信美分期,8k-15k,经验3-5年 ,本科,[长沙·麓谷],爬虫,数据分析,机器学习,大数据,MySQL,“五险一金,周末双休,平台大,福利好”,金融,移动互联网 / 不需要融资
Python开发工程师,1天前发布,合心科技,20k-35k,经验1-3年 ,本科,[北京·海淀区],大数据,后端,“大数据处理,自由度大,有挑战,公司午晚餐”,移动互联网,教育 / A轮
python研发工程师,2天前发布,花生米富,15k-20k,经验3-5年 ,大专,[北京·中关村],大数据,Java,“带薪年假”,移动互联网,金融 / B轮
Python开发工程师-pass平台方向,2天前发布,京东金融,25k-50k,经验5-10年 ,本科,[北京·亦庄],后端开发,大数据,运维,“年终奖，带薪年假，班车，午餐晚餐”,金融 / 上市公司
python,2天前发布,Jcubing,8K-16K,8K-16K
经验1-3年 ,本科,[厦门·集美区],软件开发,系统集成,企业软件,“五险一金 周末双休 弹性上班”,移动互联网,企业服务 / 不需要融资
Python后端开发工程师,2天前发布,罗辑思维,25k-40k,经验3-5年 ,本科,[北京·大望路],专项奖金,扁平管理,帅哥多,领导好,“弹性工作,企业医生,六险一金,年度体检”,移动互联网,文化娱乐 / B轮
Python工程师(新闻类),3天前发布,中金中富,20k-30k,经验3-5年 ,大专,[北京·呼家楼],高级,爬虫,“年底双薪,项目奖金,周末双休,包吃”,移动互联网 / A轮
高级Python开发工程师,2天前发布,齐家网,15k-30k,经验3-5年 ,大专,[上海·丰庄],电商,“行业发展前景好 公司行业领先 晋升机会多”,O2O ,生活服务 / D轮及以上
python开发工程师,2天前发布,中科物安,15k-25k,经验3-5年 ,本科,[北京·四季青],信息安全,大数据,“发展空间大,五险一金,餐补,带薪年假”,信息安全 / 未融资
Python 开发工程师,2天前发布,修炼,8k-16k,经验1-3年 ,大专,[广州·石牌],大数据,Java,数据库,“大咖带队,妹子多,氛围好,实力强”,移动互联网 / 不需要融资
Python开发工程师（南京）,3天前发布,飞常准,10k-18k,经验1-3年 ,本科,[南京·铁心桥],Java,数据库,SQL,“弹性工作”,移动互联网 / A轮
高级Python工程师,2天前发布,摩尔妈妈,20k-40k,经验1-3年 ,本科,[北京·朝阳区],教育,运营,php,Java,“技术大牛,0-1项目,技术驱动,创业氛围”,移动互联网 / A轮
python开发,2天前发布,知了点点,15k-23k,经验3-5年 ,本科,[北京·海淀区],php,Java,MySQL,“最有价值,最有意义,为了更多人,实现高价值”,教育 / 不需要融资
Python高级开发工程师,2018-06-20,武汉佰钧成技术有限公司,6K-12K,6K-12K
经验3-5年 ,本科,[郑州·中原区],中级,Java,MySQL,“弹性上班,六险一金,带薪年假,多次调薪”,移动互联网 / 不需要融资
python工程师,2018-06-19,优逸客,8k-12k,经验1-3年 ,本科,[太原·高新科…],php,MySQL,后端,人工智能,“五险一金”,移动互联网 / 不需要融资
python工程师,2018-06-19,闪银奇异,30k-45k,经验不限 ,本科,[北京·朝阳区],高级,大数据,Java,“大牛同事,机器学习,六险一金,丰厚年终奖”,移动互联网,金融 / D轮及以上
python开发工程师,2018-06-11,天广汇通,15k-25k,经验3-5年 ,本科,[北京·八里庄],社交,软件开发,Java,爬虫,“软件工程师”,信息安全,数据服务 / 不需要融资
Python工程师,2018-05-29,猎户星空,15k-30k,经验1-3年 ,本科,[北京·团结湖],人工智能,算法,机器学习,“人工智能,晋升空间大,成长快”,移动互联网,硬件 / A轮
高级Python工程师,15:09发布,iHandy,25k-50k,经验3-5年 ,本科,[北京·海淀区],移动互联网,资深,web,服务器端,“硅谷氛围,高手如云,零食水果,六险一金”,移动互联网 / 不需要融资
高级Python开发,2018-06-20,亿可能源,25k-35k,经验5-10年 ,本科,[上海·复旦大…],Ruby,django,“部门负责人,核心成员”,移动互联网,数据服务 / A轮
Python工程师,1天前发布,天方达健信科技,6k-12k,经验1-3年 ,大专,[深圳·笋岗],中级,初级,linux,大数据,Java,“周末双休,五险一金,年终奖金,节日福利”,移动互联网 / A轮
python研发工程师,2天前发布,路书,18k-30k,经验3-5年 ,本科,[北京·朝阳区],旅游,医疗健康,Java,“期权分享,高颜值产品,年度旅游,弹性工作制”,移动互联网,旅游 / A轮
Python/R程序开发,2天前发布,江苏亿科达,10k-15k,经验1-3年 ,本科,[上海·唐镇],云计算,数据分析,量化,“年底双薪,节日礼金,体检旅游,五险一金”,移动互联网,金融 / 不需要融资
Python 开发工程师,2018-06-20,NEXA,8k-15k,经验3-5年 ,大专,[成都·锦江区],高级,中级,大数据,Java,云平台,“五险一金,带薪年假,年度体检,各种补贴”,移动互联网,游戏 / 不需要融资
资深Python工程师,2018-06-19,平安健康互联网,30k-50k,经验5-10年 ,本科,[上海·龙华],大数据,Java,“团队齐全,技术先进”,移动互联网,医疗健康 / A轮
瓜子二手车-Python高级开发工程师,16:23发布,瓜子二手车直卖网,20k-35k,经验3-5年 ,本科,[北京·回龙观],汽车,“业内独角兽 团队强悍 前沿技术 待遇丰厚”,O2O / C轮
资深Python 开发工程师,2018-06-05,网易,25k-50k,经验3-5年 ,本科,[北京·中关村],视频,linux,Java,数据结构,“核心业务,优秀团队”,电子商务,移动互联网 / 上市公司
python,2018-05-29,易鑫集团,20K-40K,20K-40K
经验不限 ,本科,[上海·南京西…],高级,后端开发,爬虫,数据分析,“空间大，前景广，精英团队，福利好”,企业服务 / 上市公司
python开发,2018-06-05,武汉佰钧成技术有限公司,10k-20k,经验3-5年 ,大专,[深圳·龙华新…],软件开发,大数据,数据挖掘,“福利齐全,薪资丰厚,团建旅游”,移动互联网 / 不需要融资
Python开发工程师,3天前发布,闪银奇异,18k-35k,经验3-5年 ,本科,[北京·团结湖],数据分析,数据库,SQL,“六险一金,丰厚年终奖,大牛云集,免费自助餐”,移动互联网,金融 / D轮及以上
python工程师,18:48发布,联龙博通,8k-15k,经验3-5年 ,本科,[武汉·南湖],金融,Java,算法,架构,“pytho,java,nomys,redis”,移动互联网,电子商务 / D轮及以上
资深Python开发工程师,10:12发布,FreeWheel,24k-32k,经验3-5年 ,本科,[北京·三元桥],高级,js,JavaScript,golang,“美资互联网,技术导向,英文环境,硅谷文化”,企业服务,数据服务 / 上市公司
高级Python开发工程师,3天前发布,暴鸡电竞,16k-30k,经验3-5年 ,本科,[深圳·南山区],信息安全,后端开发,服务器端,架构,“技术大牛多,福利待遇好,电竞风口,团队稳定”,移动互联网,文化娱乐 / A轮
Python开发工程师,2018-06-13,灵思云途,10k-20k,经验3-5年 ,本科,[北京·朝阳区],中级,linux,大数据,“弹性工作,电影创新,发展空间大,氛围融洽”,数据服务,广告营销 / 上市公司
Python工程师,2天前发布,梦珊瑚,25k-40k,经验5-10年 ,本科,[北京·交道口],金融,云计算,高级,linux,“五险一金,交通补助,活动经费,加班费”,金融 / 天使轮
高级Python工程师,3天前发布,马蜂窝,15k-25k,经验3-5年 ,本科,[北京·朝阳区],爬虫,“团队氛围好 平台发展快 数据体系大”,移动互联网,旅游 / D轮及以上
Python工程师,13:22发布,国信优易,7k-14k,经验3-5年 ,本科,[贵阳·观山湖…],专家,资深,高级,中级,软件开发,Java,“五险一金,绩效奖金,年终奖,职业培训”,数据服务 / B轮
python高级开发-好巧网,09:15发布,真格基金,25k-35k,经验3-5年 ,本科,[北京·亚运村],专家,Java,架构,“六险一金,弹性不打卡,股票期权,B+轮融资”,金融 / 不需要融资
Python开发工程师,2天前发布,哔哩哔哩,15k-30k,经验1-3年 ,本科,[上海·复旦大…],云计算,中级,“氛围好,发展快,领导好,空间大”,移动互联网,文化娱乐 / 上市公司
Python开发工程师,2天前发布,玖富集团,12k-20k,经验1-3年 ,本科,[北京·望京],大数据,人工智能,爬虫,“绩效奖金,平台发展好,六险一金,年度体检”,金融 / C轮
Python开发工程师,2天前发布,钱方好近,15k-25k,经验3-5年 ,本科,[北京·望京],node.js,Java,“六险一金，带薪年假，年度体检，自由氛围。”,金融 / B轮
Python/Odoo高级开发工程师,2天前发布,两鲜,15k-20k,经验3-5年 ,本科,[上海·北蔡],云计算,linux,Java,“牛人多多,氛围轻松,青春活力,吃吃喝喝”,电子商务 / A轮
高级python开发工程师,2018-06-20,会分期,15k-30k,经验3-5年 ,本科,[北京·西二旗],支付,云计算,电商,中级,“弹性工作制,股票期权,行业巨头,地铁周边”,移动互联网、金融 / C轮
资深Python开发工程师,2018-06-15,UCloud,25k-35k,经验5-10年 ,本科,[上海·长阳路],云计算,专家,Java,“六险一金,弹性工作,年终旅游,技术挑战”,数据服务,企业服务 / D轮及以上
研发工程师-Python/C++-GIS,19:07发布,顺丰科技有限公司,10k-20k,经验3-5年 ,本科,[武汉·东湖新…],地图,C/C++,数据开发,“弹性工作,带薪年假,五险一金,晋升发展”,移动互联网,电子商务 / 不需要融资
python开发工程师,1天前发布,字节跳动,20k-40k,经验1-3年 ,本科,[北京·海淀区],信息安全,即时通讯,后端开发,“六险一金，高薪期权，弹性工作，免费三餐”,移动互联网,数据服务 / C轮
Python高级开发,2天前发布,趣头条,15k-30k,经验5-10年 ,本科,[上海·浦东新…],中级,爬虫,“发展空间”,移动互联网 / 不需要融资
Python研发工程师,3天前发布,暴鸡电竞,13k-25k,经验1-3年 ,本科,[深圳·南山区],后端开发,golang,django,“电竞类项目,融资速度快,高期权,腾讯系团队”,移动互联网,文化娱乐 / A轮
Python/Puppet Developer,3天前发布,Symbio-Freeborders,18k-23k,经验不限 ,本科,[广州·天河城],C#/.NET,Ruby,linux,OpenStack,“外资,英语流利”,移动互联网,电子商务 / 未融资
高级python开发工程师,2018-06-20,闪银奇异,28k-45k,经验5-10年 ,本科,[北京·团结湖],13~15薪,晋升空间大,定期体检,能力定薪,“七险一金,免费健身,年轻化,不打卡”,移动互联网,金融 / D轮及以上
Python开发工程师,2018-06-20,金风科技,12K-20K,12K-20K
经验3-5年 ,本科,[北京·亦庄],资深,高级,后端开发,数据分析,运维,“全球最具创新能力企业50强平台”,数据服务、其他 / 上市公司
python开发工程师,2018-06-07,绿盟科技,12k-15k,经验1-3年 ,本科,[武汉·光谷],信息安全,中级,大数据,Java,Ruby,“年终奖，丰厚补贴，弹性工作，平台好”,信息安全 / 上市公司
Python开发工程师（深圳公司）,2天前发布,武汉烧麦财播科技有限公司,18k-25k,经验3-5年 ,本科,[深圳·大冲],高级,node.js,后端,“福利多,机会多,富有挑战性”,移动互联网,金融 / 不需要融资
Python开发工程师,2天前发布,茄子快传,20k-40k,经验3-5年 ,本科,[北京·西北旺],技能培训,领导好,美女多,帅哥多,“六险一金,餐补车补,大牛云集,15亿用户”,移动互联网 / B轮
Python开发工程师,3天前发布,百硕,7k-12k,经验3-5年 ,本科,[上海·浦东新…],大数据,Java,“人性化管理,银行,福利健全,领导好”,企业服务,金融 / 不需要融资
python,3天前发布,徐州文旭,3K-6K,3K-6K
经验1年以下 ,大专,[徐州·云龙区],后端开发,“法定放假+节日福利+日常水果零食”,电子商务、移动互联网 / 未融资
Python开发工程师,2018-06-15,高级算法工程师/算法专家,30k-60k,经验3-5年 ,本科,[北京·工体],云计算,专家,Java,“优秀团队,发展空间,绩效奖金,股票期权”,移动互联网 / D轮及以上
python工程师,2天前发布,极验,15k-30k,经验3-5年 ,本科,[武汉·东湖新…],信息安全,php,Java,“团队超棒,产品超酷,AI,极客范”,信息安全,数据服务 / B轮
高级Python开发工程师,2018-06-18,字节跳动,25k-50k,经验3-5年 ,本科,[上海·黄浦区],后端开发,“六险一金，餐补，租房补贴，带薪休假，休闲下午茶，过亿用户，职业大牛，团队氛围好，优厚薪资”,移动互联网,数据服务 / C轮
Python/Puppet 开发工程师,2018-06-14,Symbio-Freeborders,16k-25k,经验5-10年 ,本科,[广州·天河城],银行,爬虫,linux,Java,web,“周末双休,五险一金,商业保险,年终奖金”,移动互联网,电子商务 / 未融资
Python研发工程师,3天前发布,博尼施,8k-13k,经验1-3年 ,本科,[重庆·大坪],旅游,移动互联网,php,Java,服务器端,“公分旅游，13薪+奖金，五险一金，成长期”,移动互联网 / 不需要融资
Python研发工程师,3天前发布,诚信互通,15k-30k,经验3-5年 ,大专,[北京·北京大…],资深,php,Java,“五险一金”,移动互联网,企业服务 / A轮
Python研发工程师,2018-06-19,比量科技珠海公司,8k-13k,经验1-3年 ,大专,[珠海],双休,“五险一金、五天八小时、节日福利、生日礼品”,移动互联网,其他 / 未融资
Python研发工程师,2018-06-14,焱融云,15k-25k,经验3-5年 ,本科,[北京·西二旗],云计算,OpenStack,“老板nic,氛围好,弹性工作,团队棒”,企业服务 / A轮
python工程师,2018-06-13,LBE 科技,15k-30k,经验3-5年 ,本科,[北京·四惠],移动互联网,广告营销,Java,golang,“五险一金,工作居住证,扁平管理”,移动互联网 / B轮
Python工程师,09:50发布,深度好奇,6k-12k,经验不限 ,本科,[北京·中关村],云计算,爬虫,Shell,C++,C/C++,“五险一金,快速晋升,扁平管理,年终奖”,企业服务,数据服务 / 天使轮
Python研发实习生,2天前发布,斗象科技,3k-5k,经验应届毕业生 ,本科,[上海·浦东新…],信息安全,php,Java,web,“朝阳企业,互联网氛围,技术大牛,多元福利”,信息安全 / B轮
Python,2018-06-19,BTCC,15k-30k,经验1-3年 ,本科,[上海·徐汇区],高级,中级,web,服务器端,运维,“国际交易所,数字资产,极客团队,区块链”,移动互联网 / 不需要融资
服务器开发工程师（nodejs/java/python/go,2018-06-19,竞技世界,25k-40k,经验5-10年 ,本科,[北京·上地],旅游,后端开发,游戏开发,web,“大牛云集，固定调薪，国内外出游，领导好”,移动互联网,游戏 / 不需要融资
python 工程师,2018-06-14,勤思天下,8K-16K,8K-16K
经验1-3年 ,本科,[厦门·集美区],深度学习,NLP,人工智能,算法,机器学习,“五险一金,弹性工作,成长空间,节假日福利”,移动互联网 / 未融资
Python开发工程师,2018-06-05,嘉泰科技,6k-10k,经验1-3年 ,本科,[佛山·桂城],软件开发,MySQL,Git,mongodb,flask,django,“五险一金,绩效奖金,通讯补贴”,移动互联网,数据服务 / 不需要融资
python开发工程师,2018-05-31,趣头条,15k-30k,经验3-5年 ,不限,[上海·浦东新…],云计算,php,Java,“15薪”,移动互联网 / 不需要融资
Python应用开发,1天前发布,策顺网络公司,3k-5k,经验1年以下 ,大专,[南宁·青秀区],初级,实习,后端开发,Java,web,大数据,“周末双休,五险一金”,电子商务,游戏 / 未融资
Python应用开发,1天前发布,策顺网络公司,3k-5k,经验1年以下 ,大专,[南宁·青秀区],初级,实习,后端开发,Java,web,大数据,“周末双休,五险一金”,电子商务,游戏 / 未融资
Python后端开发工程师,2天前发布,Castbox,20k-40k,经验3-5年 ,本科,[北京·望京],支付,游戏,社交,php,Java,“大牛云集,硅谷文化,免费三餐,租房补贴”,移动互联网,文化娱乐 / B轮
Python开发工程师,2天前发布,智游,10k-15k,经验3-5年 ,大专,[郑州·东开发…],云计算,Java,“五险一金,年底双薪,绩效奖金,包住”,移动互联网,教育 / 上市公司
Python,2天前发布,灵雀云,13k-25k,经验不限 ,本科,[北京·北京大…],云计算,“前沿科技,靠谱团队,工程师文化,H1B计划”,数据服务,企业服务 / B轮
高级Python工程师,3天前发布,在行,20k-35k,经验3-5年 ,本科,[北京·CBD],股票期权,年终奖,家庭式三餐,六险一金,“创新项目、激情团队、福利待遇优厚”,移动互联网,教育 / A轮
高级Python开发工程师,2018-06-15,UCloud,25k-35k,经验5-10年 ,本科,[上海·长阳路],云计算,Java,“六险一金,弹性工作,年终旅游,技术挑战”,数据服务,企业服务 / D轮及以上
高级Python开发工程师,2018-06-14,智慧芽,20k-30k,经验3-5年 ,本科,[上海·天目西…],大数据,数据挖掘,“五险一金,外企,领导好,晋升快”,移动互联网 / C轮
高级Python开发工程师,2018-06-13,360,20k-40k,经验3-5年 ,本科,[北京·酒仙桥],云计算,“后端开发,大数据,工程”,移动互联网,游戏 / 上市公司
高级python开发工程师,2天前发布,博奥特科技,15k-25k,经验3-5年 ,大专,[深圳·上步],django,“行业前景好,发展空间大,有“钱”景”,移动互联网,金融 / 未融资
Python软件开发工程师,2天前发布,BTCC,15k-30k,经验1-3年 ,本科,[上海·徐汇区],php,Java,“极客文化,数字货币,弹性工作,上班不打卡”,移动互联网 / 不需要融资
高级Python开发工程师,3天前发布,Gridsum 国双,12k-24k,经验1-3年 ,本科,[北京·中关村],linux,“上市公司 大数据 技术氛围浓厚”,数据服务,企业服务 / 上市公司
高级python开发工程师,3天前发布,圆通,20k-40k,经验3-5年 ,本科,[上海·青浦区],云计算,php,Java,MySQL,“上市公司,前景好,氛围好,五险一金”,企业服务,数据服务 / 上市公司
Python 高级开发工程师,2018-06-20,NEXA,15k-30k,经验5-10年 ,本科,[成都·锦江区],资深,linux,“五险一金,带薪年假,交通补贴,节日礼物”,移动互联网,游戏 / 不需要融资
Python开发工程师,2018-06-19,轻易贷,15k-28k,经验3-5年 ,本科,[北京·西北旺],高级,中级,php,Java,“弹性工作制,扁平化管理,绩效奖金,美国上市”,金融 / 上市公司
Python开发工程师,1天前发布,Flow++,10k-20k,经验1-3年 ,本科,[北京·西北旺],MySQL,后端,“大数据,发展空间大,补充医疗”,信息安全,数据服务 / A轮
中级Python开发工程师,2018-06-15,UCloud,15k-25k,经验3-5年 ,本科,[上海·长阳路],云计算,Java,“六险一金,弹性工作,年终旅游,技术挑战”,数据服务,企业服务 / D轮及以上
高级python开发工程师,1天前发布,博奥特科技,13k-25k,经验5-10年 ,大专,[深圳·华强北],金融,中级,大数据,数据挖掘,算法,“晋升机会大,五险一金,公积金”,移动互联网,金融 / 未融资
python开发,3天前发布,通力互联,8k-11k,经验1-3年 ,大专,[深圳·科技园],web,php,Java,“五险一金,免费早餐,上下班车,年终奖”,电子商务,企业服务 / 不需要融资
Python（Tools Dev）,2018-06-19,坤亿科技,15k-22k,经验3-5年 ,本科,[上海·浦东新…],绩效奖金,管理规范,五险一金,交通补助,“五险一金,周末双休,绩效奖金,带薪年假”,电子商务,企业服务 / 不需要融资
python开发工程师,2天前发布,一亩田,20k-30k,经验不限 ,本科,[北京·清河],大数据,数据挖掘,hadoop,算法,挖掘,“临近地铁,大牛团队,六险一金,年终奖”,移动互联网,电子商务 / C轮
Python工程师,3天前发布,同程艺龙,15k-25k,经验1-3年 ,本科,[北京·大山子],php,MySQL,“晋升完善,培训机制,萌妹子多”,旅游,电子商务 / D轮及以上
Python开发工程师,2018-06-19,中盈优创,8k-16k,经验3-5年 ,本科,[上海·南京东…],高级,中级,软件开发,linux,C++,Java,“电信,国企,稳定,年终奖”,数据服务,招聘 / 未融资
Python,2天前发布,潭州教育,8k-16k,经验不限 ,大专,[长沙·岳麓区],数据库,爬虫,“包食宿,五险,班车接送,节假日礼品”,移动互联网,教育 / 不需要融资
高级python开发工程师,2天前发布,瓜子二手车直卖网,20k-40k,经验3-5年 ,本科,[北京·上地],云计算,“核心部门、团队氛围nice、期权奖励”,O2O / C轮
python开发工程师,2天前发布,零壹互联,15k-30k,经验3-5年 ,本科,[深圳·龙华新…],视频,php,Java,web,分布式,“人工智能,前沿项目”,移动互联网,O2O / A轮
Python高级开发工程师,2018-06-20,妙计旅行,10k-20k,经验1-3年 ,本科,[北京·东城区],Java,分布式,架构,“包三餐,发展空间”,旅游 / B轮
python开发工程师,2018-06-06,看了吗视频,18k-30k,经验3-5年 ,本科,[北京·望京],node.js,后端,“薪资丰厚,晋升空间大”,移动互联网 / A轮
Python工程师,2天前发布,开拓天际,15k-23k,经验3-5年 ,本科,[北京·知春路],django,“五险一金,通信补助,餐费补贴,员工旅游”,数据服务,信息安全 / A轮
python开发工程师,2018-06-07,尚德机构,10k-15k,经验1-3年 ,本科,[武汉·光谷],C++,“精英团队,平台优秀,五险一金”,教育 / 上市公司
python开发工程师,2018-05-31,博云,10k-20k,经验1-3年 ,本科,[北京·北太平…],linux,C++,Java,“Linux,pytho,自动化”,移动互联网,企业服务 / B轮
中高级python开发工程师,2天前发布,博奥特科技,15k-30k,经验3-5年 ,大专,[深圳·上步],金融,大数据,数据挖掘,算法,“发展前景好”,移动互联网,金融 / 未融资
Python交易开发工程师,2天前发布,盖威,14k-20k,经验3-5年 ,本科,[深圳·科技园],金融,C++,Java,算法,“福利待遇好”,金融 / 不需要融资
python开发工程师,2天前发布,车势科技,15k-25k,经验3-5年 ,本科,[北京·京广桥],云计算,“办理工作居住证、待遇好、环境好、国际化”,企业服务,游戏 / A轮
python高级工程师,3天前发布,百米生活,15k-25k,经验5-10年 ,大专,[深圳·龙华新…],专项奖金,带薪年假,绩效奖金,弹性工作,“完善福利,周末双休,福利好,办公环境好”,移动互联网,O2O / B轮
Python（Backend Dev）,2018-06-19,坤亿科技,15k-22k,经验3-5年 ,本科,[上海·浦东新…],绩效奖金,管理规范,五险一金,交通补助,“五险一金,周末双休,绩效奖金,带薪年假”,电子商务,企业服务 / 不需要融资
Python开发(J11003),2018-06-19,便利蜂,15k-25k,经验3-5年 ,本科,[北京·太阳宫],弹性工作,美女多,帅哥多,领导好,“机会众多,福利好”,移动互联网,生活服务 / 不需要融资
Python开发工程师,2018-06-12,通力互联,10k-18k,经验3-5年 ,本科,[郑州·高新区],绩效奖金,交通补助,定期体检,通讯津贴,“双休,福利健全,美女多,福利好”,电子商务,企业服务 / 不需要融资
高级Python开发工程师,2018-06-07,龙腾简合,12k-20k,经验3-5年 ,不限,[福州·台江区],运营,“发展空间大,工作氛围好,知识分享”,游戏,移动互联网 / 未融资
Python后台开发工程师,1天前发布,小步网络,15k-30k,经验3-5年 ,本科,[深圳·西乡],资深,后端开发,服务器端,php,Java,“待遇优厚,成长空间大,弹性上班,下午茶”,移动互联网 / B轮
python开发工程师,3天前发布,绿米,12k-20k,经验不限 ,本科,[深圳·南山区],技能培训,年底双薪,节日礼物,年度旅游,“福利待遇高,平台发展好,前沿行业”,硬件 / B轮
资深后端开发工程师-Python,3天前发布,触宝,20k-40k,经验3-5年 ,本科,[上海·漕宝路],node.js,Java,“5亿用户,推荐系统,高并发”,移动互联网,数据服务 / D轮及以上
python开发工程师,2018-06-11,东信北邮,10k-15k,经验1-3年 ,本科,[北京·海淀区],旅游,媒体,软件开发,Java,MySQL,“五险一金,年终奖,绩效奖,假期多”,移动互联网,其他 / 未融资
python客户端开发工程师,2018-06-08,淘乐网络,6k-12k,经验1-3年 ,本科,[深圳·科技园],游戏开发,手游,“包三餐,发展空间大,行业领先”,游戏 / 不需要融资
Python,2天前发布,春雨医生,20k-40k,经验3-5年 ,本科,[北京·清河],redis,移动医疗,微服务,服务器研发,“有挑战，自主加薪，技术氛围好”,移动互联网 / C轮
Python工程师-大数据方向,2天前发布,高思教育集团,15k-30k,经验3-5年 ,本科,[北京·北航],Java,“领导好,氛围好,成长快,平台广阔”,教育,移动互联网 / 上市公司
python工程师,3天前发布,通力互联,10k-20k,经验1-3年 ,大专,[杭州·仓前],云计算,linux,OpenStack,django,“技术前景好 团队nice”,电子商务,企业服务 / 不需要融资
高级Python工程师,3天前发布,爱特曼科技,20k-40k,经验3-5年 ,本科,[北京·学院路],大数据,Java,“高薪,快速发展,人工智能,顶级团队”,移动互联网,数据服务 / A轮
Python开发工程师,2018-06-19,厨芯科技,15k-30k,经验3-5年 ,本科,[北京·望京],大数据,Java,架构,“高速成长,扁平管理”,移动互联网、O2O / A轮
Python高级研发工程师-度假事业部(J11528),2天前发布,去哪儿网,20k-40k,经验3-5年 ,本科,[北京·中关村],旅游,软件开发,大数据,数据分析,数据挖掘,“团队氛围融洽，帅哥美女多，年假多，年终奖”,移动互联网 / 不需要融资
Python开发工程师,2天前发布,亚创,10k-15k,经验1-3年 ,本科,[上海·北新泾],软件开发,js,R,“做五休二,带薪年假,免费体检,13薪”,企业服务,硬件 / 不需要融资
Python程序员,3天前发布,宝塔面板,8k-15k,经验1-3年 ,不限,[东莞·东莞市…],云计算,高级,中级,linux,django,“可谈期权,五险一金,包中餐”,信息安全 / 天使轮
python高级工程师,2018-06-19,语酷网络,20k-40k,经验不限 ,不限,[上海·静安区],云计算,社交,node.js,Java,MySQL,“高房补,定制午餐,出国旅游,福利多多”,社交网络,企业服务 / 不需要融资
python开发工程师,2018-06-15,深圳国泰安合肥分公司,6k-12k,经验3-5年 ,本科,[合肥·高新区],数据挖掘,Java,爬虫,“五险一金,带薪休假,双休,晋升空间大”,移动互联网,数据服务 / D轮及以上
python开发-武汉,2018-06-07,云沃客,20k-25k,经验3-5年 ,本科,[武汉·东湖新…],Java,web,“五险一金,餐饮补贴,绩效奖金,年终奖金”,移动互联网 / A轮
Python（公有云）,2018-06-07,家园网,25k-40k,经验5-10年 ,本科,[北京·广渠门],云计算,资深,后端开发,Java,架构,“2000人,7个事业部,公有云”,O2O / 不需要融资
Python研发工程师,14:05发布,一下科技,35k-55k,经验3-5年 ,本科,[北京·望京],云计算,高级,Java,分布式,redis,“硕士最好,不加班,18薪,有期权”,移动互联网,文化娱乐 / D轮及以上
高级Python开发工程师,11:57发布,明源云,16k-22k,经验3-5年 ,本科,[深圳·科技园],PHP,大数据,hadoop,“技术导向，牛人多，氛围赞，扁平管理”,移动互联网,企业服务 / 上市公司
python技术总监,2天前发布,千锋教育,25k-50k,经验3-5年 ,大专,[北京·西三旗],节日礼物,专项奖金,股票期权,带薪年假,“五险一金,绩效奖金,节日福利,年度旅游”,移动互联网 / A轮
Python算法开发工程师,2天前发布,世纪超星,20k-40k,经验不限 ,本科,[南京·雨花台…],教育,机器学习,深度学习,NLP,人工智能,“年终奖金,节日福利,带薪年假,周末双休”,教育、移动互联网 / 不需要融资
Python开发工程师,2018-06-12,道普云播,15k-20k,经验3-5年 ,本科,[北京·朝阳门],MySQL,Git,flask,“五险一金,周末双休,弹性工作”,移动互联网,教育 / 未融资
高级python开发,2018-06-12,问卷网@爱调研,15k-25k,经验3-5年 ,本科,[苏州·独墅湖],软件开发,web后端,“福利多多,带薪年假,定期体检,弹性时间”,移动互联网 / B轮
PYTHON工程师,2018-06-08,青藤科技,10k-20k,经验1-3年 ,本科,[佛山·桂城],软件开发,linux,大数据,Java,MySQL,“不同的研发,不同的思路,不同的创新”,企业服务,数据服务 / 不需要融资
PYTHON技术开发工程师,2天前发布,山东广电信通,6k-9k,经验1-3年 ,本科,[济南·历下区],视频,直播,linux,“五险一金,年度体检,带薪年假,学习晋升”,信息安全,移动互联网 / 不需要融资
Python开发实习生 - 短视频方向,2天前发布,musical.ly,4k-8k,经验应届毕业生 ,本科,[上海·南外滩],视频,后端开发,linux,Java,“大牛带你飞,零食吃不完,过亿用户量,房补餐补”,社交网络,文化娱乐 / 不需要融资
python开发工程师,2018-06-20,厦门声连网信息科技有限公司,12k-24k,经验3-5年 ,大专,[厦门·思明区],系统架构,“技术管理”,移动互联网,O2O / 未融资
Python工程师,2018-06-20,群星科技,20k-40k,经验3-5年 ,本科,[北京·知春路],web,“扁平管理,结果导向,发展空间大,支持创业”,移动互联网 / 不需要融资
python工程师,2018-06-19,YIDATEC,15k-19k,经验5-10年 ,本科,[深圳·南油],js,php,Java,爬虫,架构,“年度调薪,年度奖金,年度旅游,职位晋升”,移动互联网,游戏 / 不需要融资
python工程师,2018-05-29,猎户星空,15k-30k,经验1-3年 ,本科,[北京·团结湖],linux,django,“大牛云集，人工智能，扁平管理”,移动互联网,硬件 / A轮
Python后端开发工程师,2天前发布,罗辑思维,25k-40k,经验3-5年 ,本科,[北京·大望路],专项奖金,扁平管理,帅哥多,领导好,“弹性工作,企业医生,六险一金,年度体检”,移动互联网,文化娱乐 / B轮
Python 工程师,3天前发布,知道创宇,10k-15k,经验1-3年 ,本科,[成都·高新区],企业服务,“弹性工作制，五险一金，商业保险”,信息安全 / C轮
高级Python开发工程师,2018-06-12,乐信圣文,20k-40k,经验3-5年 ,本科,[北京·西三旗],交通补助,午餐补助,项目奖金,季度奖金,“项目奖金,五险一金,季度奖金,年终奖”,移动互联网 / B轮
高级python工程师,2018-06-07,新东方教育行业研究院,15k-30k,经验3-5年 ,大专,[北京·中关村],linux,Java,“领导nic,扁平化管理”,移动互联网,教育 / B轮
Python WEB 开发工程师,2天前发布,牛顿Newton,10k-20k,经验1-3年 ,本科,[北京·三里屯],前端,“下一个20年的历史性机遇”,企业服务,数据服务 / 不需要融资
Python后端工程师,2天前发布,Face++,25k-50k,经验3-5年 ,本科,[北京·中关村],后端开发,php,web,“大牛多”,移动互联网,硬件 / C轮
python开发工程师,2018-06-15,云锋信息科技,4k-8k,经验1-3年 ,本科,[南宁·青秀区],年底双薪,带薪年假,年度旅游,岗位晋升,“周末双休,年终奖金,员工旅游,五险”,数据服务 / 未融资
Python研发工程师,2天前发布,摩森特,10k-20k,经验3-5年 ,本科,[北京·知春路],大数据,“五险一金,交通补助,通讯补助,餐补”,移动互联网,电子商务 / 不需要融资
高级python开发工程师,3天前发布,圆通,20k-35k,经验3-5年 ,本科,[杭州·仓前],云计算,php,Java,CRM,“上市公司，前景好，氛围好，调薪机会多”,企业服务,数据服务 / 上市公司
Python开发工程师,2018-06-19,shsnc,11k-16k,经验3-5年 ,本科,[郑州·高新区],资深,高级,中级,“有钱途,福利好”,数据服务,移动互联网 / 不需要融资
Python工程师,2018-06-14,新智超脑,18k-20k,经验5-10年 ,本科,[北京·望京],高级,中级,“牛人云集,能源互联网”,数据服务,电子商务 / 不需要融资
python开发工程师,2018-06-13,阿博茨科技,15k-30k,经验1-3年 ,本科,[北京·学院路],金融,Java,大数据,量化,“技术大牛多,技术氛围好”,移动互联网 / A轮
python开发工程师,2018-06-12,深极智能,15k-30k,经验1-3年 ,本科,[北京·知春路],游戏,php,Java,“上升空间,学习环境,行业前沿”,企业服务,数据服务 / 天使轮
高级Python开发,2018-06-07,万科物业,15k-25k,经验3-5年 ,本科,[深圳·上梅林],后端开发,php,Java,“弹性工作,团队激情”,O2O,生活服务 / 不需要融资
Python资深开发工程师,1天前发布,爱奇艺,20k-40k,经验3-5年 ,本科,[北京·中关村],绩效奖金,五险一金,交通补助,带薪年假,“14薪 12天带薪年假”,广告营销,文化娱乐 / 上市公司
Python程序员,2天前发布,找到科技,3k-5k,经验1-3年 ,不限,[厦门·厦港],视频,数据挖掘,Java,爬虫,“创新,挑战,灵活,丰富”,移动互联网 / 未融资
Python,2天前发布,程创科技,15k-20k,经验1-3年 ,本科,[北京·中关村],金融,数据分析,大数据,量化,“高速成长,期权,创业,五险一金”,金融,企业服务 / 天使轮
Python工程师,2天前发布,芒果tv,8k-16k,经验3-5年 ,本科,[长沙],大数据,hadoop,“一流的平台+迷之福利+丰厚奖金”,文化娱乐 / B轮
Python开发工程师,2018-06-15,颉一软件,20k-25k,经验5-10年 ,本科,[北京·亚运村],信息安全,linux,大数据,Java,MySQL,“发展空间大,工作氛围好,全员持股,管理规范”,信息安全,数据服务 / A轮
运维工程师/Python工程师,2018-06-15,米筐 (Ricequant),8k-12k,经验1-3年 ,本科,[深圳·科技园],linux,自动化,数据库,网络,机房,“双休,带薪年假,有猫,不打卡”,金融 / A轮
Python开发工程师（公有云）,2018-06-07,家园网,20k-30k,经验3-5年 ,本科,[北京·广渠门],云计算,高级,docker,OpenStack,“大平台,2000人,多事业线”,O2O / 不需要融资
PYTHON高级开发工程师,11:57发布,明源云,16k-22k,经验3-5年 ,本科,[深圳·南山区],高额六险一金,年底双薪,绩效奖金,N项经费,“精英团队,技术驱动,极客氛围,行业独角兽”,移动互联网,企业服务 / 上市公司
Python研发工程师,2天前发布,摩森特,10k-20k,经验3-5年 ,本科,[北京·知春路],大数据,“五险一金,交通补助,通讯补助,餐补”,移动互联网,电子商务 / 不需要融资
高级python开发工程师,3天前发布,圆通,20k-35k,经验3-5年 ,本科,[杭州·仓前],云计算,php,Java,CRM,“上市公司，前景好，氛围好，调薪机会多”,企业服务,数据服务 / 上市公司
Python开发工程师,2018-06-19,shsnc,11k-16k,经验3-5年 ,本科,[郑州·高新区],资深,高级,中级,“有钱途,福利好”,数据服务,移动互联网 / 不需要融资
Python工程师,2018-06-14,新智超脑,18k-20k,经验5-10年 ,本科,[北京·望京],高级,中级,“牛人云集,能源互联网”,数据服务,电子商务 / 不需要融资
python开发工程师,2018-06-13,阿博茨科技,15k-30k,经验1-3年 ,本科,[北京·学院路],金融,Java,大数据,量化,“技术大牛多,技术氛围好”,移动互联网 / A轮
python开发工程师,2018-06-12,深极智能,15k-30k,经验1-3年 ,本科,[北京·知春路],游戏,php,Java,“上升空间,学习环境,行业前沿”,企业服务,数据服务 / 天使轮
高级Python开发,2018-06-07,万科物业,15k-25k,经验3-5年 ,本科,[深圳·上梅林],后端开发,php,Java,“弹性工作,团队激情”,O2O,生活服务 / 不需要融资
Python资深开发工程师,1天前发布,爱奇艺,20k-40k,经验3-5年 ,本科,[北京·中关村],绩效奖金,五险一金,交通补助,带薪年假,“14薪 12天带薪年假”,广告营销,文化娱乐 / 上市公司
Python程序员,2天前发布,找到科技,3k-5k,经验1-3年 ,不限,[厦门·厦港],视频,数据挖掘,Java,爬虫,“创新,挑战,灵活,丰富”,移动互联网 / 未融资
Python,2天前发布,程创科技,15k-20k,经验1-3年 ,本科,[北京·中关村],金融,数据分析,大数据,量化,“高速成长,期权,创业,五险一金”,金融,企业服务 / 天使轮
Python工程师,2天前发布,芒果tv,8k-16k,经验3-5年 ,本科,[长沙],大数据,hadoop,“一流的平台+迷之福利+丰厚奖金”,文化娱乐 / B轮
Python开发工程师,2018-06-15,颉一软件,20k-25k,经验5-10年 ,本科,[北京·亚运村],信息安全,linux,大数据,Java,MySQL,“发展空间大,工作氛围好,全员持股,管理规范”,信息安全,数据服务 / A轮
运维工程师/Python工程师,2018-06-15,米筐 (Ricequant),8k-12k,经验1-3年 ,本科,[深圳·科技园],linux,自动化,数据库,网络,机房,“双休,带薪年假,有猫,不打卡”,金融 / A轮
Python开发工程师（公有云）,2018-06-07,家园网,20k-30k,经验3-5年 ,本科,[北京·广渠门],云计算,高级,docker,OpenStack,“大平台,2000人,多事业线”,O2O / 不需要融资
PYTHON高级开发工程师,11:57发布,明源云,16k-22k,经验3-5年 ,本科,[深圳·南山区],高额六险一金,年底双薪,绩效奖金,N项经费,“精英团队,技术驱动,极客氛围,行业独角兽”,移动互联网,企业服务 / 上市公司
Python研发工程师,2天前发布,摩森特,10k-20k,经验3-5年 ,本科,[北京·知春路],大数据,“五险一金,交通补助,通讯补助,餐补”,移动互联网,电子商务 / 不需要融资
高级python开发工程师,3天前发布,圆通,20k-35k,经验3-5年 ,本科,[杭州·仓前],云计算,php,Java,CRM,“上市公司，前景好，氛围好，调薪机会多”,企业服务,数据服务 / 上市公司
Python开发工程师,2018-06-19,shsnc,11k-16k,经验3-5年 ,本科,[郑州·高新区],资深,高级,中级,“有钱途,福利好”,数据服务,移动互联网 / 不需要融资
Python工程师,2018-06-14,新智超脑,18k-20k,经验5-10年 ,本科,[北京·望京],高级,中级,“牛人云集,能源互联网”,数据服务,电子商务 / 不需要融资
python开发工程师,2018-06-13,阿博茨科技,15k-30k,经验1-3年 ,本科,[北京·学院路],金融,Java,大数据,量化,“技术大牛多,技术氛围好”,移动互联网 / A轮
python开发工程师,2018-06-12,深极智能,15k-30k,经验1-3年 ,本科,[北京·知春路],游戏,php,Java,“上升空间,学习环境,行业前沿”,企业服务,数据服务 / 天使轮
高级Python开发,2018-06-07,万科物业,15k-25k,经验3-5年 ,本科,[深圳·上梅林],后端开发,php,Java,“弹性工作,团队激情”,O2O,生活服务 / 不需要融资
Python资深开发工程师,1天前发布,爱奇艺,20k-40k,经验3-5年 ,本科,[北京·中关村],绩效奖金,五险一金,交通补助,带薪年假,“14薪 12天带薪年假”,广告营销,文化娱乐 / 上市公司
Python程序员,2天前发布,找到科技,3k-5k,经验1-3年 ,不限,[厦门·厦港],视频,数据挖掘,Java,爬虫,“创新,挑战,灵活,丰富”,移动互联网 / 未融资
Python,2天前发布,程创科技,15k-20k,经验1-3年 ,本科,[北京·中关村],金融,数据分析,大数据,量化,“高速成长,期权,创业,五险一金”,金融,企业服务 / 天使轮
Python工程师,2天前发布,芒果tv,8k-16k,经验3-5年 ,本科,[长沙],大数据,hadoop,“一流的平台+迷之福利+丰厚奖金”,文化娱乐 / B轮
Python开发工程师,2018-06-15,颉一软件,20k-25k,经验5-10年 ,本科,[北京·亚运村],信息安全,linux,大数据,Java,MySQL,“发展空间大,工作氛围好,全员持股,管理规范”,信息安全,数据服务 / A轮
运维工程师/Python工程师,2018-06-15,米筐 (Ricequant),8k-12k,经验1-3年 ,本科,[深圳·科技园],linux,自动化,数据库,网络,机房,“双休,带薪年假,有猫,不打卡”,金融 / A轮
Python开发工程师（公有云）,2018-06-07,家园网,20k-30k,经验3-5年 ,本科,[北京·广渠门],云计算,高级,docker,OpenStack,“大平台,2000人,多事业线”,O2O / 不需要融资
PYTHON高级开发工程师,11:57发布,明源云,16k-22k,经验3-5年 ,本科,[深圳·南山区],高额六险一金,年底双薪,绩效奖金,N项经费,“精英团队,技术驱动,极客氛围,行业独角兽”,移动互联网,企业服务 / 上市公司
Python研发工程师,2天前发布,摩森特,10k-20k,经验3-5年 ,本科,[北京·知春路],大数据,“五险一金,交通补助,通讯补助,餐补”,移动互联网,电子商务 / 不需要融资
高级python开发工程师,3天前发布,圆通,20k-35k,经验3-5年 ,本科,[杭州·仓前],云计算,php,Java,CRM,“上市公司，前景好，氛围好，调薪机会多”,企业服务,数据服务 / 上市公司
Python开发工程师,2018-06-19,shsnc,11k-16k,经验3-5年 ,本科,[郑州·高新区],资深,高级,中级,“有钱途,福利好”,数据服务,移动互联网 / 不需要融资
Python工程师,2018-06-14,新智超脑,18k-20k,经验5-10年 ,本科,[北京·望京],高级,中级,“牛人云集,能源互联网”,数据服务,电子商务 / 不需要融资
python开发工程师,2018-06-13,阿博茨科技,15k-30k,经验1-3年 ,本科,[北京·学院路],金融,Java,大数据,量化,“技术大牛多,技术氛围好”,移动互联网 / A轮
python开发工程师,2018-06-12,深极智能,15k-30k,经验1-3年 ,本科,[北京·知春路],游戏,php,Java,“上升空间,学习环境,行业前沿”,企业服务,数据服务 / 天使轮
高级Python开发,2018-06-07,万科物业,15k-25k,经验3-5年 ,本科,[深圳·上梅林],后端开发,php,Java,“弹性工作,团队激情”,O2O,生活服务 / 不需要融资
Python资深开发工程师,1天前发布,爱奇艺,20k-40k,经验3-5年 ,本科,[北京·中关村],绩效奖金,五险一金,交通补助,带薪年假,“14薪 12天带薪年假”,广告营销,文化娱乐 / 上市公司
Python程序员,2天前发布,找到科技,3k-5k,经验1-3年 ,不限,[厦门·厦港],视频,数据挖掘,Java,爬虫,“创新,挑战,灵活,丰富”,移动互联网 / 未融资
Python,2天前发布,程创科技,15k-20k,经验1-3年 ,本科,[北京·中关村],金融,数据分析,大数据,量化,“高速成长,期权,创业,五险一金”,金融,企业服务 / 天使轮
Python工程师,2天前发布,芒果tv,8k-16k,经验3-5年 ,本科,[长沙],大数据,hadoop,“一流的平台+迷之福利+丰厚奖金”,文化娱乐 / B轮
Python开发工程师,2018-06-15,颉一软件,20k-25k,经验5-10年 ,本科,[北京·亚运村],信息安全,linux,大数据,Java,MySQL,“发展空间大,工作氛围好,全员持股,管理规范”,信息安全,数据服务 / A轮
运维工程师/Python工程师,2018-06-15,米筐 (Ricequant),8k-12k,经验1-3年 ,本科,[深圳·科技园],linux,自动化,数据库,网络,机房,“双休,带薪年假,有猫,不打卡”,金融 / A轮
Python开发工程师（公有云）,2018-06-07,家园网,20k-30k,经验3-5年 ,本科,[北京·广渠门],云计算,高级,docker,OpenStack,“大平台,2000人,多事业线”,O2O / 不需要融资
PYTHON高级开发工程师,11:57发布,明源云,16k-22k,经验3-5年 ,本科,[深圳·南山区],高额六险一金,年底双薪,绩效奖金,N项经费,“精英团队,技术驱动,极客氛围,行业独角兽”,移动互联网,企业服务 / 上市公司
Python研发工程师,2天前发布,摩森特,10k-20k,经验3-5年 ,本科,[北京·知春路],大数据,“五险一金,交通补助,通讯补助,餐补”,移动互联网,电子商务 / 不需要融资
高级python开发工程师,3天前发布,圆通,20k-35k,经验3-5年 ,本科,[杭州·仓前],云计算,php,Java,CRM,“上市公司，前景好，氛围好，调薪机会多”,企业服务,数据服务 / 上市公司
Python开发工程师,2018-06-19,shsnc,11k-16k,经验3-5年 ,本科,[郑州·高新区],资深,高级,中级,“有钱途,福利好”,数据服务,移动互联网 / 不需要融资
Python工程师,2018-06-14,新智超脑,18k-20k,经验5-10年 ,本科,[北京·望京],高级,中级,“牛人云集,能源互联网”,数据服务,电子商务 / 不需要融资
python开发工程师,2018-06-13,阿博茨科技,15k-30k,经验1-3年 ,本科,[北京·学院路],金融,Java,大数据,量化,“技术大牛多,技术氛围好”,移动互联网 / A轮
python开发工程师,2018-06-12,深极智能,15k-30k,经验1-3年 ,本科,[北京·知春路],游戏,php,Java,“上升空间,学习环境,行业前沿”,企业服务,数据服务 / 天使轮
高级Python开发,2018-06-07,万科物业,15k-25k,经验3-5年 ,本科,[深圳·上梅林],后端开发,php,Java,“弹性工作,团队激情”,O2O,生活服务 / 不需要融资
Python资深开发工程师,1天前发布,爱奇艺,20k-40k,经验3-5年 ,本科,[北京·中关村],绩效奖金,五险一金,交通补助,带薪年假,“14薪 12天带薪年假”,广告营销,文化娱乐 / 上市公司
Python程序员,2天前发布,找到科技,3k-5k,经验1-3年 ,不限,[厦门·厦港],视频,数据挖掘,Java,爬虫,“创新,挑战,灵活,丰富”,移动互联网 / 未融资
Python,2天前发布,程创科技,15k-20k,经验1-3年 ,本科,[北京·中关村],金融,数据分析,大数据,量化,“高速成长,期权,创业,五险一金”,金融,企业服务 / 天使轮
Python工程师,2天前发布,芒果tv,8k-16k,经验3-5年 ,本科,[长沙],大数据,hadoop,“一流的平台+迷之福利+丰厚奖金”,文化娱乐 / B轮
Python开发工程师,2018-06-15,颉一软件,20k-25k,经验5-10年 ,本科,[北京·亚运村],信息安全,linux,大数据,Java,MySQL,“发展空间大,工作氛围好,全员持股,管理规范”,信息安全,数据服务 / A轮
运维工程师/Python工程师,2018-06-15,米筐 (Ricequant),8k-12k,经验1-3年 ,本科,[深圳·科技园],linux,自动化,数据库,网络,机房,“双休,带薪年假,有猫,不打卡”,金融 / A轮
Python开发工程师（公有云）,2018-06-07,家园网,20k-30k,经验3-5年 ,本科,[北京·广渠门],云计算,高级,docker,OpenStack,“大平台,2000人,多事业线”,O2O / 不需要融资
PYTHON高级开发工程师,11:57发布,明源云,16k-22k,经验3-5年 ,本科,[深圳·南山区],高额六险一金,年底双薪,绩效奖金,N项经费,“精英团队,技术驱动,极客氛围,行业独角兽”,移动互联网,企业服务 / 上市公司
Python研发工程师,2天前发布,摩森特,10k-20k,经验3-5年 ,本科,[北京·知春路],大数据,“五险一金,交通补助,通讯补助,餐补”,移动互联网,电子商务 / 不需要融资
高级python开发工程师,3天前发布,圆通,20k-35k,经验3-5年 ,本科,[杭州·仓前],云计算,php,Java,CRM,“上市公司，前景好，氛围好，调薪机会多”,企业服务,数据服务 / 上市公司
Python开发工程师,2018-06-19,shsnc,11k-16k,经验3-5年 ,本科,[郑州·高新区],资深,高级,中级,“有钱途,福利好”,数据服务,移动互联网 / 不需要融资
Python工程师,2018-06-14,新智超脑,18k-20k,经验5-10年 ,本科,[北京·望京],高级,中级,“牛人云集,能源互联网”,数据服务,电子商务 / 不需要融资
python开发工程师,2018-06-13,阿博茨科技,15k-30k,经验1-3年 ,本科,[北京·学院路],金融,Java,大数据,量化,“技术大牛多,技术氛围好”,移动互联网 / A轮
python开发工程师,2018-06-12,深极智能,15k-30k,经验1-3年 ,本科,[北京·知春路],游戏,php,Java,“上升空间,学习环境,行业前沿”,企业服务,数据服务 / 天使轮
高级Python开发,2018-06-07,万科物业,15k-25k,经验3-5年 ,本科,[深圳·上梅林],后端开发,php,Java,“弹性工作,团队激情”,O2O,生活服务 / 不需要融资
Python资深开发工程师,1天前发布,爱奇艺,20k-40k,经验3-5年 ,本科,[北京·中关村],绩效奖金,五险一金,交通补助,带薪年假,“14薪 12天带薪年假”,广告营销,文化娱乐 / 上市公司
Python程序员,2天前发布,找到科技,3k-5k,经验1-3年 ,不限,[厦门·厦港],视频,数据挖掘,Java,爬虫,“创新,挑战,灵活,丰富”,移动互联网 / 未融资
Python,2天前发布,程创科技,15k-20k,经验1-3年 ,本科,[北京·中关村],金融,数据分析,大数据,量化,“高速成长,期权,创业,五险一金”,金融,企业服务 / 天使轮
Python工程师,2天前发布,芒果tv,8k-16k,经验3-5年 ,本科,[长沙],大数据,hadoop,“一流的平台+迷之福利+丰厚奖金”,文化娱乐 / B轮
Python开发工程师,2018-06-15,颉一软件,20k-25k,经验5-10年 ,本科,[北京·亚运村],信息安全,linux,大数据,Java,MySQL,“发展空间大,工作氛围好,全员持股,管理规范”,信息安全,数据服务 / A轮
运维工程师/Python工程师,2018-06-15,米筐 (Ricequant),8k-12k,经验1-3年 ,本科,[深圳·科技园],linux,自动化,数据库,网络,机房,“双休,带薪年假,有猫,不打卡”,金融 / A轮
Python开发工程师（公有云）,2018-06-07,家园网,20k-30k,经验3-5年 ,本科,[北京·广渠门],云计算,高级,docker,OpenStack,“大平台,2000人,多事业线”,O2O / 不需要融资
PYTHON高级开发工程师,11:57发布,明源云,16k-22k,经验3-5年 ,本科,[深圳·南山区],高额六险一金,年底双薪,绩效奖金,N项经费,“精英团队,技术驱动,极客氛围,行业独角兽”,移动互联网,企业服务 / 上市公司
